DateTime,Depth_m,Temp_C,CDOM_ugL,Chla_ugL,Phycoerythrin_ugL,Phycocyanin_ugL,Turbidity_NTU,Cond_uScm,SpCond_uScm,DO_mgL,DOsat_percent,PAR,Salinity,DescRate_ms ,Flag
2025-03-24T10:11:49Z,-0.108,10.6004,21.96,3.4768,0.1278,0.6345,3.7994,19.929899,27.991,10.8031,97.223,104.69,2.051029008549558,0.092,0
2025-03-24T10:11:49Z,-0.084,10.6,21.96,3.4653,0.1278,0.6345,3.739,19.936857,28.001,10.8148,97.106,100.21,2.051826200291158,0.086,0
2025-03-24T10:11:49Z,-0.063,10.5995,21.96,3.4615,0.1278,0.6345,3.7088,19.946511,28.015,10.8226,96.898,102.48,2.0529393387409534,0.079,0
2025-03-24T10:11:49Z,-0.044,10.5989,22.05,3.5989,0.1278,0.6345,3.8296,19.947499,28.016,10.8251,96.606,95.226,2.0530497654028412,0.072,0
2025-03-24T10:11:49Z,-0.028,10.5984,22.05,3.6103,0.1278,0.6345,3.875,19.936103,28,10.8206,96.276,104.44,2.051835979332586,0.066,0
2025-03-24T10:11:49Z,-0.013,10.598,22.05,3.6103,0.1278,0.6345,3.8145,19.915257,27.971,10.8077,95.987,96.706,2.04960832465536,0.063,0
2025-03-24T10:11:49Z,0.001,10.5978,22.05,3.595,0.1278,0.6345,3.8447,19.903289,27.954,10.7847,95.823,101.11,2.048300435141508,0.062,0
2025-03-24T10:11:49Z,0.015,10.5977,21.96,3.5874,0.1704,0.54990000000000006,3.8901,19.922885,27.982,10.7522,95.84,99.889,2.050477360266592,0.063,0
2025-03-24T10:11:49Z,0.03,10.5977,21.96,3.5836,0.1704,0.54990000000000006,3.8598,19.965338,28.041,10.7154,96.047,98.852,2.0550537047238144,0.065,0
2025-03-24T10:11:49Z,0.047,10.5977,21.96,3.6217,0.1704,0.54990000000000006,3.7692,19.98623,28.071,10.6833,96.404,89.119,2.05738063058838,0.069,0
2025-03-24T10:11:49Z,0.066,10.5977,21.96,3.5989,0.1704,0.54990000000000006,3.8901,19.971225,28.05,10.665,96.833,87.831,2.0557508276634895,0.073,0
2025-03-24T10:11:49Z,0.086,10.5976,21.96,3.6179,0.1704,0.5922,3.8296,19.956136,28.029,10.6669,97.242,81.611,2.0541266550143007,0.076,0
2025-03-24T10:11:49Z,0.106,10.5974,21.96,3.5721,0.1704,0.5922,3.7541,19.956844,28.03,10.69,97.54,78.447,2.0542147525941754,0.078,0
2025-03-24T10:11:49Z,0.127,10.5971,21.96,3.6103,0.1704,0.5922,3.7843,19.957614,28.031,10.7298,97.665,75.389,2.054308424790145,0.079,0
2025-03-24T10:11:49Z,0.148,10.5969,21.96,3.6027,0.1704,0.5922,3.8447,19.950689,28.021,10.7776,97.606,70.646,2.0535431394214925,0.079,0
2025-03-24T10:11:49Z,0.168,10.5967,21.96,3.492,0.1704,0.5922,3.8901,19.946166,28.015,10.8232,97.388,67.862,2.0530881987558267,0.078,0
2025-03-24T10:11:49Z,0.188,10.5966,22.05,3.4577,0.1704,0.6768,4.0109,19.946819,28.016,10.8564,97.062,68.336,2.053170750928155,0.077,0
2025-03-24T10:11:49Z,0.207,10.5968,22.05,3.4806,0.1704,0.6768,3.7843,19.94088,28.008,10.8703,96.702,67.334,2.052538416650354,0.076,0
2025-03-24T10:11:49Z,0.226,10.597,22.05,3.4844,0.1704,0.6768,3.875,19.930746,27.994,10.8637,96.37,67.951,2.051440704777697,0.076,0
2025-03-24T10:11:49Z,0.244,10.597,22.05,3.5226,0.1704,0.6768,3.8296,19.929638,27.993,10.8393,96.104,66.433,2.051362540378895,0.077,0
2025-03-24T10:11:49Z,0.263,10.5968,21.96,3.5454,0.1704,0.5922,3.6937,19.9293,27.993,10.8031,95.915,66.173,2.051373109044484,0.079,0
2025-03-24T10:11:49Z,0.284,10.5964,21.96,3.5111,0.1704,0.5922,3.8901,19.909735,27.966,10.7631,95.794,63.373,2.049300378403216,0.08,0
2025-03-24T10:11:49Z,0.305,10.5959,21.96,3.5302,0.1704,0.5922,3.8447,19.873688,27.915,10.7263,95.721,59.052,2.045371837807616,0.082,0
2025-03-24T10:11:49Z,0.327,10.5952,21.96,3.431,0.1704,0.5922,3.739,19.839414,27.867,10.6969,95.688,56.148,2.041687404188542,0.082,0
2025-03-24T10:11:49Z,0.349,10.5945,21.96,3.4234,0.1278,0.6345,3.7239,19.819672,27.84,10.6761,95.704,55.037,2.0396317304918914,0.082,0
2025-03-24T10:11:49Z,0.37,10.5938,21.96,3.4157,0.1278,0.6345,3.7994,19.817158,27.836,10.6627,95.781,53.866,2.0393596291623877,0.082,0
2025-03-24T10:11:49Z,0.39,10.5934,21.96,3.4043,0.1278,0.6345,3.8901,19.831203,27.856,10.6547,95.908,52.218,2.0409321468901154,0.081,0
2025-03-24T10:11:49Z,0.41,10.5932,21.96,3.5874,0.1278,0.6345,3.8145,19.85759,27.894,10.651,96.06,51.128,2.0438896889858187,0.08,0
2025-03-24T10:11:49Z,0.43,10.5933,21.96,3.6027,0.1278,0.6345,3.8296,19.873495,27.917,10.6529,96.209,49.553,2.0456674199988454,0.078,0
2025-03-24T10:11:49Z,0.45,10.5933,21.96,3.6027,0.1704,0.6345,3.7994,19.865245,27.906,10.6614,96.341,47.394,2.044813614747292,0.077,0
2025-03-24T10:11:49Z,0.47,10.5932,21.96,3.6065,0.1704,0.6345,3.8598,19.844574,27.879,10.6756,96.462,45.894,2.0427244629599395,0.074,0
2025-03-24T10:11:49Z,0.49,10.5928,21.96,3.5721,0.1704,0.6345,3.8447,19.831846,27.862,10.6926,96.58,44.849,2.0414276088577825,0.071,0
2025-03-24T10:11:49Z,0.508,10.5919,21.96,3.5989,0.1704,0.6345,3.8447,19.847556,27.884,10.7094,96.696,43.99,2.0431831887707306,0.067,0
2025-03-24T10:11:49Z,0.524,10.5904,21.96,3.5912,0.1278,0.5922,3.8296,19.88793,27.941,10.7245,96.82,43.733,2.0476872388128116,0.063,0
2025-03-24T10:11:49Z,0.539,10.5886,21.96,3.5798,0.1278,0.5922,3.7088,19.929895,28,10.7384,96.956,43.43,2.0523642177003176,0.06,0
2025-03-24T10:11:49Z,0.554,10.5871,21.96,3.5798,0.1278,0.5922,3.9354,19.956772,28.037,10.7519,97.092,43.091,2.055318382454437,0.057,0
2025-03-24T10:11:49Z,0.567,10.5863,21.96,3.5989,0.1278,0.5922,3.8145,19.969757,28.054,10.765,97.207,42.469,2.056681851570144,0.055,0
2025-03-24T10:11:49Z,0.581,10.5865,21.96,3.5874,0.1278,0.6345,3.8296,19.980274,28.069,10.7789,97.275,41.484,2.0578343742960965,0.053,0
2025-03-24T10:11:49Z,0.594,10.5872,21.96,3.6027,0.1278,0.6345,3.8447,19.995111,28.089,10.7938,97.274,40.486,2.05934700932463,0.053,0
2025-03-24T10:11:49Z,0.607,10.588,21.96,3.7438,0.1278,0.6345,3.6332,20.002298,28.099,10.8086,97.212,40.092,2.0600779905272044,0.053,0
2025-03-24T10:11:49Z,0.621,10.5885,21.96,3.7209,0.1278,0.6345,3.8598,19.991807,28.084,10.8213,97.108,39.788,2.0588855464425033,0.054,0
2025-03-24T10:11:49Z,0.634,10.5888,21.96,3.7133,0.1278,0.54990000000000006,3.7994,19.976768,28.063,10.8288,96.987,39.737,2.0572387030596273,0.055,0
2025-03-24T10:11:49Z,0.648,10.5891,21.96,3.7133,0.1278,0.54990000000000006,3.8598,19.967102,28.05,10.8287,96.873,39.145,2.05621272334598,0.056,0
2025-03-24T10:11:49Z,0.662,10.5894,21.96,3.6713,0.1278,0.54990000000000006,4.0562,19.962224,28.043,10.8216,96.784,37.948,2.0556523681624816,0.057,0
2025-03-24T10:11:49Z,0.678,10.5897,21.96,3.6713,0.1278,0.54990000000000006,4.026,19.958842,28.038,10.8101,96.727,37.019,2.0552471895295548,0.059,0
2025-03-24T10:11:49Z,0.693,10.5898,21.96,3.637,0.1278,0.54990000000000006,3.9656,19.960036,28.04,10.7966,96.703,36.81,2.055396300930493,0.06,0
2025-03-24T10:11:49Z,0.709,10.5899,21.96,3.6828,0.1278,0.54990000000000006,4.162,19.95617,28.035,10.7839,96.711,35.708,2.0550022840779496,0.06,0
2025-03-24T10:11:49Z,0.724,10.5899,21.96,3.4234,0.1278,0.54990000000000006,3.8296,19.942232,28.016,10.7739,96.753,35.352,2.0535275740021506,0.061,0
2025-03-24T10:11:49Z,0.739,10.5898,21.96,3.4081,0.1278,0.54990000000000006,3.8145,19.942375,28.018,10.7676,96.83,35.039,2.053687857045307,0.062,0
2025-03-24T10:11:49Z,0.755,10.5895,21.96,3.4119,0.1278,0.54990000000000006,3.8598,19.960617,28.045,10.7651,96.927,34.638,2.055799132866467,0.062,0
2025-03-24T10:11:49Z,0.771,10.589,21.96,3.4386,0.1704,0.6345,3.8598,19.977936,28.072,10.766,97.018,33.761,2.0579217240929033,0.062,0
2025-03-24T10:11:49Z,0.787,10.588,21.96,3.8277,0.1704,0.6345,4.0562,19.977053,28.074,10.7709,97.094,32.501,2.058132274936048,0.062,0
2025-03-24T10:11:49Z,0.804,10.5865,21.96,3.8583,0.1704,0.6345,4.0109,19.959724,28.052,10.7799,97.15,31.356,2.0565082120106317,0.06,0
2025-03-24T10:11:49Z,0.82,10.5841,21.96,3.8468,0.1704,0.6345,3.9807,19.943224,28.031,10.7913,97.174,30.529,2.055011903449278,0.056,0
2025-03-24T10:11:49Z,0.834,10.5807,22.05,3.8354,0.1704,0.5922,4.1167,19.929125,28.012,10.8023,97.154,29.724,2.053726491788755,0.051,0
2025-03-24T10:11:49Z,0.847,10.5769,22.05,3.4386,0.1704,0.5922,3.8598,19.913667,27.991,10.8117,97.077,29.263,2.0523080264365237,0.046,0
2025-03-24T10:11:49Z,0.857,10.5735,22.05,3.3929,0.1704,0.5922,3.8598,19.906662,27.98,10.8188,96.939,28.89,2.0516432740452544,0.04,0
2025-03-24T10:11:49Z,0.866,10.5709,22.05,3.4043,0.1704,0.5922,3.8296,19.90226,27.973,10.8221,96.756,28.89,2.051244427021937,0.035,0
2025-03-24T10:11:49Z,0.874,10.5695,21.96,3.4081,0.1278,0.6345,3.7692,19.881374,27.942,10.8203,96.556,29.111,2.0489159025283676,0.03,0
2025-03-24T10:11:49Z,0.88,10.5693,21.96,3.4386,0.1278,0.6345,3.6332,19.856348,27.905,10.8118,96.36,29.225,2.0460550923150937,0.027,0
2025-03-24T10:11:49Z,0.886,10.57,21.96,3.1869,0.1278,0.6345,3.5577,19.840415,27.881,10.7962,96.181,29.123,2.0441534587209076,0.025,0
2025-03-24T10:11:49Z,0.892,10.5715,21.96,3.2441,0.1278,0.6345,3.6181,19.819373,27.85,10.7754,96.037,29.776,2.041664496662076,0.025,0
2025-03-24T10:11:49Z,0.897,10.5735,21.96,3.2364,0.1278,0.6345,3.5124,19.797565,27.818,10.7526,95.949,30.259,2.0390707041699776,0.027,0
2025-03-24T10:11:49Z,0.903,10.5758,21.96,3.2441,0.1278,0.6345,3.4369,19.803014,27.826,10.7303,95.933,30.596,2.039563884914157,0.031,0
2025-03-24T10:11:49Z,0.911,10.5781,21.96,3.4997,0.1278,0.6345,3.5426,19.835184,27.871,10.7098,95.986,30.856,2.0429274807988387,0.036,0
2025-03-24T10:11:49Z,0.92,10.5801,21.96,3.4806,0.1278,0.6345,3.5275,19.864832,27.914,10.6932,96.087,30.876,2.0461525344652087,0.042,0
2025-03-24T10:11:49Z,0.931,10.5815,21.96,3.473,0.1278,0.6345,3.5577,19.881948,27.94,10.6831,96.213,30.417,2.048091751114956,0.048,0
2025-03-24T10:11:49Z,0.945,10.5818,21.96,3.4501,0.1278,0.54990000000000006,3.5728,19.893088,27.958,10.6813,96.352,28.965,2.0494713504692115,0.054,0
2025-03-24T10:11:49Z,0.961,10.5809,21.96,3.2937,0.1278,0.54990000000000006,3.8145,19.89923,27.968,10.6873,96.51,27.226,2.050296886786489,0.058,0
2025-03-24T10:11:49Z,0.978,10.579,21.96,3.2937,0.1278,0.54990000000000006,3.8145,19.898032,27.967,10.6991,96.679,26.239,2.0503245055918193,0.061,0
2025-03-24T10:11:49Z,0.995,10.5765,21.96,3.2822,0.1278,0.54990000000000006,3.6937,19.887184,27.952,10.7137,96.834,25.452,2.049299023111627,0.063,0
2025-03-24T10:11:49Z,1.011,10.5741,21.96,3.267,0.1704,0.5076,3.7994,19.865784,27.922,10.7298,96.946,25.414,2.0471037989502685,0.064,0
2025-03-24T10:11:49Z,1.027,10.5722,21.96,3.3013,0.1704,0.5076,3.875,19.836086,27.881,10.7478,96.982,25.636,2.044027133411784,0.064,0
2025-03-24T10:11:49Z,1.043,10.5712,21.96,3.3051,0.1704,0.5076,3.9656,19.820032,27.859,10.7669,96.9,23.856,2.042374885999333,0.064,0
2025-03-24T10:11:49Z,1.06,10.5707,21.96,3.2937,0.1704,0.5076,3.8447,19.841207,27.889,10.7844,96.654,23.162,2.0447301243137836,0.063,0
2025-03-24T10:11:49Z,1.077,10.5704,22.05,3.3013,0.1704,0.5922,3.8145,19.8754,27.938,10.797,96.224,22.566,2.048549174596527,0.062,0
2025-03-24T10:11:49Z,1.093,10.5699,22.05,3.2288,0.1704,0.5922,3.8447,19.887936,27.957,10.8011,95.639,22.872,2.0500512190300832,0.06,0
2025-03-24T10:11:49Z,1.108,10.5692,22.05,3.2441,0.1704,0.5922,3.6937,19.882157,27.949,10.7921,94.963,22.57,2.049468768450858,0.058,0
2025-03-24T10:11:49Z,1.122,10.5684,22.05,3.2364,0.1704,0.5922,3.9052,19.880409,27.948,10.7648,94.277,20.995,2.0494352136886254,0.055,0
2025-03-24T10:11:49Z,1.135,10.5674,22.05,3.2326,0.1704,0.5922,3.7994,19.890189,27.963,10.7172,93.673,21.568,2.050654810579016,0.053,0
2025-03-24T10:11:49Z,1.148,10.5665,22.05,3.1449,0.1278,0.5922,3.7843,19.882256,27.952,10.6523,93.232,22.6,2.049850603214349,0.052,0
2025-03-24T10:11:49Z,1.161,10.5655,22.05,3.1716,0.1278,0.5922,3.8598,19.842549000000002,27.897,10.5772,93.003,22.758,2.0456365929580214,0.051,0
2025-03-24T10:11:49Z,1.175,10.5643,22.05,3.1792,0.1278,0.5922,3.7994,19.820199,27.866,10.5011,92.993,22.57,2.0432967387095933,0.05,0
2025-03-24T10:11:49Z,1.188,10.5632,22.05,3.1602,0.1278,0.5922,3.8296,19.837113,27.891,10.4341,93.174,22.133,2.0452978050888766,0.049,0
2025-03-24T10:11:49Z,1.201,10.5621,22.05,3.389,0.1278,0.5922,3.8447,19.838084,27.892,10.3852,93.497,21.842,2.0454360972122134,0.048,0
2025-03-24T10:11:49Z,1.213,10.5612,22.05,3.389,0.1278,0.5922,3.7994,19.815407,27.861,10.3599,93.902,21.847,2.043079410446732,0.047,0
2025-03-24T10:11:49Z,1.224,10.5604,22.05,3.4539,0.1278,0.5922,3.8296,19.810812,27.854,10.359,94.328,21.809,2.0425800979586053,0.047,0
2025-03-24T10:11:49Z,1.235,10.5598,22.05,3.3929,0.1278,0.5922,3.7994,19.825063,27.874,10.3793,94.734,21.875,2.044165477033413,0.048,0
2025-03-24T10:11:49Z,1.246,10.5594,21.96,3.5493,0.1278,0.5922,3.5275,19.846036,27.903,10.4155,95.096,21.856,2.0464385528678304,0.05,0
2025-03-24T10:11:49Z,1.258,10.5591,21.96,3.5264,0.1278,0.5922,3.5124,19.863398,27.928,10.4606,95.402,21.851,2.048395734828507,0.055,0
2025-03-24T10:11:49Z,1.272,10.5591,21.96,3.5378,0.1278,0.5922,3.5426,19.877799,27.949,10.508,95.646,21.554,2.050025714772134,0.061,0
2025-03-24T10:11:49Z,1.288,10.5591,21.96,3.5226,0.1278,0.5922,3.5728,19.89905,27.979,10.5533,95.824,21.041,2.0523545341577365,0.067,0
2025-03-24T10:11:49Z,1.307,10.5592,21.96,3.8392,0.1704,0.54990000000000006,3.9203,19.922866,28.013,10.5936,95.94,20.375,2.0549885036188402,0.074,0
2025-03-24T10:11:49Z,1.327,10.559,21.96,3.8506,0.1704,0.54990000000000006,3.8145,19.939673,28.038,10.6277,96.016,19.614,2.0569404136846146,0.079,0
2025-03-24T10:11:49Z,1.349,10.5587,21.96,3.8735,0.1704,0.54990000000000006,3.8901,19.932055,28.028,10.655,96.067,19.18,2.056179922833257,0.083,0
2025-03-24T10:11:49Z,1.372,10.5581,21.96,3.8163,0.1704,0.54990000000000006,3.8447,19.89798,27.981,10.6749,96.098,18.353,2.0525629849449634,0.085,0
2025-03-24T10:11:49Z,1.394,10.5574,21.96,3.5187,0.1704,0.54990000000000006,3.8447,19.868175,27.941,10.688,96.121,17.488,2.049495397737767,0.085,0
2025-03-24T10:11:49Z,1.417,10.5565,22.05,3.5378,0.1704,0.6345,3.8145,19.864551,27.939,10.6967,96.145,17.307,2.0493895299372142,0.083,0
2025-03-24T10:11:49Z,1.438,10.5552,22.05,3.5454,0.1704,0.6345,3.8296,19.876188,27.957,10.7028,96.163,17.116,2.050858885947239,0.081,0
2025-03-24T10:11:49Z,1.458,10.5532,22.05,3.5531,0.1704,0.6345,3.7994,19.884293,27.97,10.7068,96.159,16.741,2.0519791872115074,0.078,0
2025-03-24T10:11:49Z,1.477,10.5507,22.05,3.4806,0.1704,0.6345,3.5577,19.885054,27.972,10.71,96.117,16.367,2.052273207434748,0.076,0
2025-03-24T10:11:49Z,1.496,10.5479,22.05,3.4882,0.1704,0.5076,3.4369,19.880666,27.967,10.7133,96.045,16.039,2.0520403033904002,0.075,0
2025-03-24T10:11:49Z,1.514,10.5453,22.05,3.473,0.1704,0.5076,3.5275,19.869958,27.952,10.7159,95.964,16.067,2.051019536625681,0.074,0
2025-03-24T10:11:49Z,1.532,10.5433,22.05,3.4844,0.1704,0.5076,3.5124,19.858038,27.936,10.7159,95.893,15.842,2.049887594196069,0.074,0
2025-03-24T10:11:49Z,1.551,10.5418,22.05,3.7095,0.1704,0.5076,3.8145,19.849689,27.925,10.7117,95.84,15.397,2.0491161204867154,0.075,0
2025-03-24T10:11:49Z,1.57,10.5407,22.05,3.7286,0.1704,0.6345,3.7692,19.838703,27.91,10.7039,95.81,14.926,2.048011636421654,0.076,0
2025-03-24T10:11:49Z,1.59,10.5398,22.05,3.7019,0.1704,0.6345,3.8296,19.838075,27.909,10.6951,95.798,14.59,2.0479833931213633,0.077,0
2025-03-24T10:11:49Z,1.61,10.5391,22.05,3.7133,0.1704,0.6345,3.8296,19.863563,27.945,10.6874,95.796,14.432,2.0508181628632713,0.079,0
2025-03-24T10:11:49Z,1.63,10.5386,22.05,3.3776,0.1704,0.6345,4.026,19.896087,27.992,10.6816,95.802,14.045,2.0544967194948907,0.08,0
2025-03-24T10:11:49Z,1.651,10.5384,22.05,3.3585,0.1704,0.6345,4.0864,19.920431,28.028,10.6783,95.819,13.824,2.0573043313845667,0.081,0
2025-03-24T10:11:49Z,1.672,10.5382,22.05,3.3433,0.1704,0.6345,4.0864,19.929153,28.043,10.6771,95.843,13.752,2.058480410209587,0.082,0
2025-03-24T10:11:49Z,1.693,10.5378,22.05,3.3662,0.1704,0.6345,4.0411,19.918606,28.032,10.6769,95.868,13.314,2.057647375574682,0.082,0
2025-03-24T10:11:49Z,1.715,10.5369,22.05,3.3967,0.1704,0.6345,4.0411,19.899914,28.01,10.6778,95.893,12.74,2.0559875363925597,0.081,0
2025-03-24T10:11:49Z,1.737,10.5347,22.05,3.4043,0.1704,0.6345,3.9958,19.870081,27.972,10.6802,95.918,12.158,2.053157101856955,0.079,0
2025-03-24T10:11:49Z,1.758,10.5308,22.05,3.4157,0.1278,0.6345,3.8901,19.833095,27.923,10.6839,95.942,11.845,2.0495666248697457,0.074,0
2025-03-24T10:11:49Z,1.777,10.5254,22.05,3.4424,0.1278,0.6345,4.0562,19.814924,27.9,10.688,95.97,11.684,2.0480795005865158,0.069,0
2025-03-24T10:11:49Z,1.793,10.5195,22.05,3.1487,0.1278,0.6345,3.8447,19.820677,27.909,10.6922,96.008,11.59,2.0491067128605085,0.063,0
2025-03-24T10:11:49Z,1.808,10.5144,22.05,3.0877,0.1278,0.6345,3.7843,19.83198,27.925,10.6963,96.055,11.468,2.050633833343401,0.059,0
2025-03-24T10:11:49Z,1.821,10.5106,22.05,3.1144,0.1278,0.6345,3.739,19.843887,27.943,10.7,96.11,11.515,2.052244477288595,0.056,0
2025-03-24T10:11:49Z,1.833,10.5083,22.05,3.1029,0.1278,0.6345,3.8296,19.863553,27.972,10.7037,96.165,11.58,2.054627103181718,0.056,0
2025-03-24T10:11:49Z,1.846,10.507,22.05,3.3509,0.1278,0.6345,3.8447,19.886269,28.007,10.7082,96.213,11.548,2.057420871016567,0.058,0
2025-03-24T10:11:49Z,1.86,10.5062,22.05,3.3547,0.1278,0.6345,3.8447,19.898187,28.027,10.7137,96.249,11.329,2.0590204803304917,0.063,0
2025-03-24T10:11:49Z,1.877,10.5051,22.05,3.3433,0.1704,0.54990000000000006,3.8296,19.902485,28.038,10.72,96.26,10.866,2.0599369796025906,0.068,0
2025-03-24T10:11:49Z,1.895,10.5033,22.05,3.3662,0.1704,0.54990000000000006,3.8145,19.9023,28.042,10.7266,96.241,10.598,2.060348281025428,0.073,0
2025-03-24T10:11:49Z,1.915,10.5003,22.05,3.1106,0.1704,0.54990000000000006,3.7692,19.889618,28.029,10.7329,96.197,10.386,2.0595044886199627,0.078,0
2025-03-24T10:11:49Z,1.936,10.4958,22.05,3.1067,0.1704,0.54990000000000006,3.8145,19.882956,28.023,10.738,96.132,10.108,2.05928897004029,0.082,0
2025-03-24T10:11:49Z,1.958,10.4902,22.05,3.1182,0.1704,0.54990000000000006,3.9203,19.898452,28.048,10.7406,96.045,9.777,2.0615468573215865,0.085,0
2025-03-24T10:11:49Z,1.98,10.4843,22.14,3.08,0.1278,0.4653,3.8145,19.914361,28.073,10.7399,95.923,9.5068,2.06382234033113,0.086,0
2025-03-24T10:11:49Z,2.003,10.4788,22.14,3.0266,0.1278,0.4653,3.8296,19.903074,28.058,10.7364,95.747,9.1441,2.062962732748455,0.086,0
2025-03-24T10:11:49Z,2.026,10.4738,22.14,3.0305,0.1278,0.4653,3.7692,19.873526,28.017,10.7304,95.515,9.0591,2.0600510858479355,0.086,0
2025-03-24T10:11:49Z,2.047,10.4696,22.14,3.0648,0.1278,0.4653,3.739,19.843715,27.977,10.7218,95.248,9.0178,2.057172055398058,0.086,0
2025-03-24T10:11:49Z,2.068,10.4667,22.14,3.0457,0.1704,0.54990000000000006,3.8145,19.817635,27.942,10.7089,94.981,8.74,2.0546092959138136,0.086,0
2025-03-24T10:11:49Z,2.09,10.4648,22.14,3.389,0.1704,0.54990000000000006,3.8296,19.798285,27.917,10.6897,94.776,8.687,2.0527688729795543,0.086,0
2025-03-24T10:11:49Z,2.111,10.4635,22.14,3.4157,0.1704,0.54990000000000006,3.8447,19.774532,27.887,10.6642,94.695,8.554,2.050505765390114,0.087,0
2025-03-24T10:11:49Z,2.133,10.4618,22.14,3.4272,0.1704,0.54990000000000006,3.8447,19.748005,27.855,10.6347,94.774,8.3647,2.0481092688196085,0.087,0
2025-03-24T10:11:49Z,2.156,10.4594,22.14,3.4386,0.1278,0.5076,3.8598,19.739499,27.848,10.6056,95.009,8.0911,2.0476974241778465,0.088,0
2025-03-24T10:11:49Z,2.179,10.4561,22.14,3.2784,0.1278,0.5076,3.7843,19.750725,27.87,10.5835,95.351,7.8198,2.0495929740065697,0.088,0
2025-03-24T10:11:49Z,2.202,10.4517,22.14,3.2708,0.1278,0.5076,3.7843,19.75681,27.885,10.5755,95.73,7.655,2.0510053380617554,0.088,0
2025-03-24T10:11:49Z,2.225,10.4459,22.14,3.286,0.1278,0.5076,3.7994,19.739469,27.866,10.5858,96.071,7.5657,2.049848774385446,0.088,0
2025-03-24T10:11:49Z,2.247,10.4389,22.14,3.2746,0.1278,0.54990000000000006,3.8447,19.717966,27.842,10.6137,96.305,7.5018,2.0483694024860686,0.087,0
2025-03-24T10:11:49Z,2.268,10.4314,22.14,3.0266,0.1278,0.54990000000000006,3.6937,19.730358,27.865,10.6538,96.384,7.2834,2.0505782519325404,0.086,0
2025-03-24T10:11:49Z,2.29,10.4236,22.14,3.061,0.1278,0.54990000000000006,3.8145,19.773979,27.932,10.6981,96.306,7.1766,2.056233328327784,0.085,0
2025-03-24T10:11:49Z,2.311,10.4158,22.14,3.0724,0.1278,0.54990000000000006,3.8598,19.796762,27.969,10.7382,96.113,6.9283,2.0595531316157443,0.084,0
2025-03-24T10:11:49Z,2.333,10.4083,22.14,3.0305,0.1278,0.54990000000000006,3.7692,19.796819,27.974,10.7661,95.88,6.7868,2.060362742444818,0.083,0
2025-03-24T10:11:49Z,2.354,10.4013,22.14,3.5912,0.1704,0.423,4.162,19.800044,27.983,10.7767,95.678,6.615,2.0614565317360216,0.082,0
2025-03-24T10:11:49Z,2.375,10.3946,22.14,3.6027,0.1704,0.423,4.1318,19.79137,27.975,10.7697,95.545,6.4223,2.0612079686178904,0.082,0
2025-03-24T10:11:49Z,2.395,10.3883,22.14,3.5798,0.1704,0.423,4.2224,19.782421,27.967,10.7498,95.498,6.3695,2.0609368553600995,0.082,0
2025-03-24T10:11:49Z,2.416,10.3821,22.14,3.6141,0.1704,0.423,4.026,19.792705,27.987,10.7253,95.527,6.346,2.062844624438111,0.085,0
2025-03-24T10:11:49Z,2.436,10.3761,22.14,3.2441,0.1278,0.5922,3.8598,19.809041,28.016,10.7042,95.608,6.2489,2.0654442289713693,0.089,0
2025-03-24T10:11:49Z,2.458,10.3701,22.14,3.2364,0.1278,0.5922,3.8447,19.811898,28.029,10.6908,95.712,6.3007,2.066795846653192,0.095,0
2025-03-24T10:11:49Z,2.482,10.3641,22.14,3.1983,0.1278,0.5922,3.8296,19.790092,28.008,10.687,95.818,6.1545,2.0654934404980256,0.102,0
2025-03-24T10:11:49Z,2.509,10.3576,22.14,3.2517,0.1278,0.5922,3.7692,19.749754,27.962,10.6919,95.912,5.8953,2.062266880013166,0.109,0
2025-03-24T10:11:49Z,2.539,10.3497,22.05,3.6751,0.1704,0.54990000000000006,4.0864,19.711975,27.92,10.7029,95.988,5.5293,2.0594303039233073,0.114,0
2025-03-24T10:11:49Z,2.571,10.3394,22.05,3.6484,0.1704,0.54990000000000006,4.0562,19.702511,27.917,10.7173,96.041,5.2312,2.0597730880387988,0.118,0
2025-03-24T10:11:49Z,2.603,10.3265,22.05,3.6484,0.1704,0.54990000000000006,4.0109,19.722819,27.954,10.7324,96.068,4.9903,2.063387260526348,0.119,0
2025-03-24T10:11:49Z,2.634,10.312,22.05,3.6332,0.1704,0.54990000000000006,4.1167,19.746465,27.993,10.7465,96.06,4.8313,2.067250747225309,0.117,0
2025-03-24T10:11:49Z,2.664,10.2978,22.23,3.6027,0.1704,0.5922,4.1318,19.749896,28.003,10.7586,95.989,4.6188,2.0688324397908904,0.114,0
2025-03-24T10:11:49Z,2.693,10.2853,22.23,3.6065,0.1704,0.5922,4.026,19.732036,27.98,10.7676,95.822,4.5778,2.0677376347393714,0.109,0
2025-03-24T10:11:49Z,2.72,10.2752,22.23,3.6027,0.1704,0.5922,4.0864,19.717982,27.962,10.7732,95.559,4.5127,2.0668980850177965,0.105,0
2025-03-24T10:11:49Z,2.745,10.2676,22.23,3.6027,0.1704,0.5922,3.9958,19.700004,27.939,10.7743,95.229,4.4378,2.0655258822300486,0.1,0
2025-03-24T10:11:49Z,2.77,10.2621,22.23,3.4882,0.1704,0.5922,3.7994,19.669325,27.897,10.7677,94.879,4.2871,2.0625479037262213,0.096,0
2025-03-24T10:11:49Z,2.794,10.2583,22.23,3.473,0.1704,0.5076,3.8901,19.673503,27.904,10.75,94.566,4.1858,2.0633089259842867,0.093,0
2025-03-24T10:11:49Z,2.817,10.2557,22.23,3.4806,0.1704,0.5076,3.8447,19.709669,27.956,10.7211,94.338,4.1146,2.067525319253149,0.091,0
2025-03-24T10:11:49Z,2.84,10.2537,22.23,3.4501,0.1704,0.5076,3.8447,19.737704,27.997,10.6846,94.215,4.0401,2.0708476375103064,0.089,0
2025-03-24T10:11:49Z,2.861,10.252,22.23,3.3547,0.1704,0.5076,3.7692,19.753141,28.021,10.6457,94.195,3.9982,2.0728224154948585,0.088,0
2025-03-24T10:11:49Z,2.883,10.2506,22.23,3.3547,0.1704,0.4653,3.8598,19.768059,28.045,10.610900000000001,94.269,3.9464,2.074780470486749,0.088,0
2025-03-24T10:11:49Z,2.905,10.2494,22.23,3.3585,0.1704,0.4653,3.9052,19.802359,28.098,10.5856,94.413,3.8398,2.0789989803032696,0.09,0
2025-03-24T10:11:49Z,2.928,10.2479,22.23,3.3204,0.1704,0.4653,3.8447,19.83533,28.152,10.5721,94.591,3.8157,2.083313666498859,0.093,0
2025-03-24T10:11:49Z,2.952,10.2455,22.23,3.1296,0.1704,0.4653,3.7541,19.816045,28.137,10.5705,94.766,3.7386,2.082274189677049,0.096,0
2025-03-24T10:11:49Z,2.976,10.2419,22.23,3.1106,0.1278,0.54990000000000006,3.7994,19.751304,28.061,10.5797,94.91,3.636,2.076523711653235,0.099,0
2025-03-24T10:11:49Z,3.003,10.2361,22.23,3.1373,0.1278,0.54990000000000006,3.8296,19.695506,28,10.5973,95.021,3.4852,2.0720726233571867,0.103,0
2025-03-24T10:11:49Z,3.03,10.2265,22.23,3.1144,0.1278,0.54990000000000006,3.8598,19.675573,27.99,10.6198,95.108,3.3073,2.0718313296215087,0.105,0
2025-03-24T10:11:49Z,3.058,10.2114,22.23,3.4196,0.1278,0.54990000000000006,4.026,19.678227,28.011,10.6432,95.164,3.2327,2.0743311910472326,0.108,0
2025-03-24T10:11:49Z,3.085,10.1911,22.23,3.4119,0.1278,0.4653,4.0411,19.684269,28.035,10.6645,95.183,3.1895,2.0773634710399858,0.109,0
2025-03-24T10:11:49Z,3.113,10.168,22.23,3.4157,0.1278,0.4653,4.0109,19.687346,28.055,10.6828,95.168,3.0926,2.0802442349036583,0.11,0
2025-03-24T10:11:49Z,3.141,10.145,22.23,3.4119,0.1278,0.4653,4.0562,19.696243,28.081,10.6983,95.122,2.9578,2.083594004185807,0.11,0
2025-03-24T10:11:49Z,3.17,10.1235,22.23,3.7896,0.1278,0.4653,4.2677,19.713331,28.116,10.71,95.042,2.8296,2.0875696479666614,0.11,0
2025-03-24T10:11:49Z,3.198,10.1035,22.23,3.7514,0.1278,0.4653,4.313,19.713308,28.125,10.7172,94.914,2.7305,2.089419147782235,0.11,0
2025-03-24T10:11:49Z,3.226,10.0849,22.32,3.7858,0.1704,0.5922,4.2526,19.698158,28.11,10.7201,94.732,2.6458,2.0893017996513157,0.11,0
2025-03-24T10:11:49Z,3.254,10.0685,22.32,3.7743,0.1704,0.5922,4.2224,19.689718,28.104,10.7191,94.508,2.6303,2.089766819481148,0.112,0
2025-03-24T10:11:49Z,3.281,10.0549,22.32,3.8048,0.1704,0.5922,3.9354,19.675784,28.09,10.7136,94.264,2.6178,2.0894418349691124,0.115,0
2025-03-24T10:11:49Z,3.309,10.0441,22.32,3.782,0.1704,0.5922,4.0713,19.656623,28.07,10.7018,94.02,2.5828,2.088483704669919,0.119,0
2025-03-24T10:11:49Z,3.339,10.0357,22.32,3.782,0.1704,0.5076,4.0411,19.643049,28.06,10.6834,93.79,2.5207,2.0881755334112895,0.124,0
2025-03-24T10:11:49Z,3.372,10.0283,22.32,3.7667,0.1704,0.5076,3.9505,19.631442,28.054,10.66,93.586,2.4129,2.088125090851839,0.128,0
2025-03-24T10:11:49Z,3.407,10.0205,22.32,3.2441,0.1704,0.5076,4.026,19.610744,28.034,10.6344,93.409,2.1589,2.086994009597893,0.13,0
2025-03-24T10:11:49Z,3.444,10.0109,22.32,3.2479,0.1704,0.5076,4.1318,19.583399,28.001,10.6093,93.252,1.9891,2.0849406027129134,0.129,0
2025-03-24T10:11:49Z,3.479,9.9988,22.59,3.2212,0.1704,0.5076,4.026,19.569982,27.986,10.5864,93.109,1.9012,2.0844482994391362,0.125,0
2025-03-24T10:11:49Z,3.511,9.9857,22.59,3.2364,0.1704,0.5076,4.0713,19.562934,27.978,10.5666,92.977,1.9295,2.0845650204587973,0.119,0
2025-03-24T10:11:49Z,3.539,9.9742,22.59,3.0953,0.1704,0.5076,3.8901,19.558385,27.974,10.5494,92.86,1.945,2.0849059623526762,0.112,0
2025-03-24T10:11:49Z,3.565,9.9663,22.59,3.0724,0.1704,0.5076,3.7692,19.565074,27.988,10.5337,92.768,1.8806,2.086461780120132,0.105,0
2025-03-24T10:11:49Z,3.59,9.9617,22.32,3.0953,0.1704,0.54990000000000006,3.7843,19.570852,28.003,10.5187,92.717,1.839,2.087908210887009,0.1,0
2025-03-24T10:11:49Z,3.614,9.9587,22.32,3.122,0.1704,0.54990000000000006,3.6937,19.57925,28.023,10.5046,92.717,1.8302,2.0896581204244336,0.097,0
2025-03-24T10:11:49Z,3.638,9.9553,22.32,3.2479,0.1704,0.54990000000000006,3.7239,19.584544,28.04,10.4921,92.756,1.7248000000000001,2.0911944468952663,0.096,0
2025-03-24T10:11:49Z,3.662,9.9499,22.32,3.2517,0.1704,0.54990000000000006,3.8296,19.582174,28.049,10.4831,92.808,1.6874,2.092214193495573,0.096,0
2025-03-24T10:11:49Z,3.686,9.9418,22.32,3.2288,0.1704,0.54990000000000006,3.7994,19.581462,28.061,10.4794,92.842,1.6793,2.093626320663061,0.096,0
2025-03-24T10:11:49Z,3.711,9.9318,22.41,3.2364,0.1704,0.5922,3.7994,19.568282,28.056,10.4818,92.827,1.6276,2.0938050692004464,0.096,0
2025-03-24T10:11:49Z,3.737,9.92,22.41,3.9078,0.1704,0.5922,3.9052,19.549072,28.038,10.4891,92.754,1.5325,2.093059906910031,0.094,0
2025-03-24T10:11:49Z,3.762,9.9052,22.41,3.9002,0.1704,0.5922,3.7843,19.530653,28.018,10.4987,92.626,1.4776,2.092328502424028,0.092,0
2025-03-24T10:11:49Z,3.785,9.8882,22.41,3.9078,0.1704,0.5922,3.875,19.526029,28.015,10.5067,92.456,1.4622,2.0930674594531196,0.089,0
2025-03-24T10:11:49Z,3.807,9.8718,22.59,3.9078,0.1704,0.54990000000000006,3.8296,19.551881,28.054,10.5091,92.269,1.4776,2.0970961650813735,0.086,0
2025-03-24T10:11:49Z,3.827,9.8593,22.59,4.0719,0.1704,0.54990000000000006,4.0713,19.565339,28.077,10.5039,92.107,1.4464,2.099636764841438,0.083,0
2025-03-24T10:11:49Z,3.847,9.8512,22.59,4.0871,0.1704,0.54990000000000006,4.0411,19.554067,28.066,10.4915,91.984,1.4405,2.099232496556647,0.083,0
2025-03-24T10:11:49Z,3.867,9.8467,22.59,4.0948,0.1704,0.54990000000000006,4.1015,19.536956,28.048,10.4734,91.877,1.4321,2.098065978731154,0.084,0
2025-03-24T10:11:49Z,3.888,9.8439,22.32,4.091,0.1278,0.6345,4.1167,19.499489,28.002,10.4529,91.788,1.3879,2.0945838207663554,0.086,0
2025-03-24T10:11:49Z,3.91,9.8403,22.32,3.5226,0.1278,0.6345,3.9656,19.463524,27.957,10.4355,91.735,1.3108,2.0912266904143944,0.09,0
2025-03-24T10:11:49Z,3.933,9.8336,22.32,3.5378,0.1278,0.6345,4.0562,19.45331,27.948,10.4231,91.72,1.2964,2.0908983087289537,0.094,0
2025-03-24T10:11:49Z,3.958,9.8246,22.32,3.5531,0.1278,0.6345,4.0562,19.454179,27.952,10.4132,91.734,1.2343,2.0917318322578304,0.099,0
2025-03-24T10:11:49Z,3.984,9.8152,22.32,3.5226,0.1278,0.6345,4.1015,19.468355,27.974,10.4055,91.768,1.2223,2.094015119296047,0.104,0
2025-03-24T10:11:49Z,4.01,9.807,22.32,3.0305,0.1704,0.5076,3.8901,19.499617,28.02,10.4014,91.821,1.2007,2.0981329393217036,0.109,0
2025-03-24T10:11:49Z,4.039,9.8008,22.32,3.0533,0.1704,0.5076,3.8296,19.532416,28.069,10.4012,91.906,1.1474,2.1023752231782664,0.115,0
2025-03-24T10:11:49Z,4.068,9.7968,22.32,3.0495,0.1704,0.5076,3.7843,19.553601,28.103,10.4038,92.019,1.1579,2.105302145540357,0.122,0
2025-03-24T10:11:49Z,4.1,9.7946,22.32,3.0457,0.1704,0.5076,3.7994,19.552896,28.106,10.4082,92.133,1.1506,2.1056665005271724,0.128,0
2025-03-24T10:11:49Z,4.134,9.7931,22.32,3.2097,0.1278,0.4653,3.9656,19.55201,28.109,10.4146,92.223,1.0909,2.105990243165946,0.134,0
2025-03-24T10:11:49Z,4.17,9.7911,22.32,3.2364,0.1278,0.4653,4.2073,19.580565,28.155,10.4247,92.28,0.94232,2.1097542249950085,0.138,0
2025-03-24T10:11:49Z,4.208,9.7875,22.32,3.2288,0.1278,0.4653,4.0713,19.608354,28.199,10.4385,92.31,0.92588,2.113453316449676,0.142,0
2025-03-24T10:11:49Z,4.244,9.7822,22.32,3.2403,0.1278,0.4653,4.0411,19.61293,28.21,10.4527,92.325,0.92206,2.1146333795863144,0.144,0
2025-03-24T10:11:49Z,4.281,9.7764,22.5,3.6027,0.1704,0.5076,4.1015,19.615418,28.218,10.4643,92.333,0.91906,2.1156047635938755,0.146,0
2025-03-24T10:11:49Z,4.318,9.7707,22.5,3.6294,0.1704,0.5076,4.0864,19.608519,28.212,10.4722,92.334,0.86462,2.115459111692113,0.147,0
2025-03-24T10:11:49Z,4.356,9.7652,22.5,3.5989,0.1704,0.5076,3.9958,19.582432,28.179,10.477,92.33,0.78715,2.1131579095694,0.148,0
2025-03-24T10:11:49Z,4.394,9.7599,22.5,3.6141,0.1704,0.5076,3.9958,19.554085,28.143,10.48,92.317,0.78204,2.110606350728443,0.149,0
2025-03-24T10:11:49Z,4.432,9.7546,22.41,3.5454,0.1704,0.54990000000000006,3.9354,19.527864,28.109,10.4822,92.291,0.76506,2.1082131053638418,0.15,0
2025-03-24T10:11:49Z,4.471,9.7491,22.41,3.5493,0.1704,0.54990000000000006,4.0713,19.522654,28.105,10.4837,92.245,0.67037,2.1082134224746754,0.151,0
2025-03-24T10:11:49Z,4.509,9.7436,22.41,3.534,0.1704,0.54990000000000006,4.026,19.547017,28.143,10.4846,92.175,0.64424,2.111549965573542,0.151,0
2025-03-24T10:11:49Z,4.548,9.7384,22.41,3.5302,0.1704,0.54990000000000006,4.1469,19.569631,28.179,10.4845,92.083,0.64747,2.1147113788251035,0.151,0
2025-03-24T10:11:49Z,4.586,9.7337,22.41,3.1411,0.1704,0.54990000000000006,4.026,19.57861,28.195,10.4827,91.97,0.60726,2.1162553416993517,0.15,0
2025-03-24T10:11:49Z,4.625,9.7294,22.41,3.1144,0.1704,0.5076,4.1015,19.568387,28.183,10.4784,91.843,0.60384,2.1155510088329272,0.15,0
2025-03-24T10:11:49Z,4.663,9.7253,22.41,3.1144,0.1704,0.5076,4.1469,19.536234,28.14,10.4716,91.713,0.54415,2.1123709506313406,0.149,0
2025-03-24T10:11:49Z,4.701,9.7215,22.41,3.1144,0.1704,0.5076,4.0713,19.505426,28.099,10.4621,91.596,0.56623,2.109332097565365,0.148,0
2025-03-24T10:11:49Z,4.739,9.7177,22.41,3.1754,0.1704,0.5076,4.2677,19.487655,28.077,10.4501,91.499,0.49561,2.1078030456236196,0.146,0
2025-03-24T10:11:49Z,4.776,9.7138,22.59,3.1525,0.1704,0.5076,4.2979,19.484152,28.075,10.4366,91.423,0.48696,2.1078693095276524,0.143,0
2025-03-24T10:11:49Z,4.813,9.7097,22.59,3.1869,0.1704,0.5076,4.2526,19.501947,28.103,10.4229,91.361,0.46625,2.110332253056624,0.139,0
2025-03-24T10:11:49Z,4.849,9.7053,22.59,3.164,0.1704,0.5076,4.3281,19.52986,28.145,10.4106,91.307,0.44516,2.1139266567516595,0.133,0
2025-03-24T10:11:49Z,4.883,9.7011,22.59,3.164,0.1704,0.5076,3.9656,19.543484,28.165,10.4007,91.263,0.43911,2.1157608818522062,0.126,0
2025-03-24T10:11:49Z,4.915,9.6976,22.59,3.1449,0.1704,0.5076,4.0411,19.5365,28.156,10.3929,91.238,0.42071,2.1152480727047434,0.118,0
2025-03-24T10:11:49Z,4.944,9.6949,22.59,3.1678,0.1704,0.5076,4.2224,19.518989,28.131,10.3866,91.234,0.38435,2.11341588569779,0.109,0
2025-03-24T10:11:49Z,4.97,9.693,22.59,3.1869,0.1704,0.5076,4.1469,19.502206,28.107,10.3809,91.239,0.36529,2.1116166361904574,0.1,0
2025-03-24T10:11:49Z,4.994,9.6916,22.59,3.0305,0.1704,0.5076,4.0713,19.489638,28.088,10.3762,91.232,0.37912,2.1101860410456315,0.093,0
2025-03-24T10:11:49Z,5.016,9.6908,22.5,3.0343,0.1704,0.5076,3.9656,19.477933,28.071,10.3736,91.195,0.37543,2.1088796823844524,0.088,0
2025-03-24T10:11:49Z,5.036,9.6904,22.5,3.0381,0.1704,0.5076,4.0562,19.469942,28.058,10.3732,91.127,0.37617,2.10786827146146,0.084,0
2025-03-24T10:11:49Z,5.055,9.6907,22.5,3.0686,0.1704,0.5076,4.0109,19.475477,28.066,10.3737,91.036,0.36442,2.1084865145546674,0.083,0
2025-03-24T10:11:49Z,5.076,9.6915,22.5,3.08,0.1704,0.5076,4.0562,19.496015,28.096,10.3727,90.92,0.36048,2.1108255460301204,0.084,0
2025-03-24T10:11:49Z,5.097,9.6925,22.5,3.0953,0.1704,0.5076,3.9958,19.525089,28.14,10.3683,90.773,0.37129,2.1142666415200755,0.086,0
2025-03-24T10:11:49Z,5.119,9.6933,22.5,3.1144,0.1278,0.6345,3.9656,19.560498,28.194,10.3604,90.602,0.37009,2.118515148588576,0.088,0
2025-03-24T10:11:49Z,5.142,9.6937,22.5,3.0915,0.1278,0.6345,4.1318,19.599743,28.256,10.35,90.423,0.33957,2.123423976556753,0.09,0
2025-03-24T10:11:49Z,5.166,9.6933,22.5,3.4653,0.1278,0.6345,4.4641,19.637363,28.318,10.3369,90.262,0.32527,2.1283803968299924,0.091,0
2025-03-24T10:11:49Z,5.19,9.6912,22.5,3.4806,0.1278,0.6345,4.5396,19.659502,28.357,10.3206,90.131,0.28041,2.1316068991639674,0.092,0
2025-03-24T10:11:49Z,5.213,9.6867,22.5,3.4653,0.1704,0.4653,4.5698,19.660122,28.366,10.3022,90.022,0.28595,2.132586985527057,0.092,0
2025-03-24T10:11:49Z,5.237,9.68,22.5,3.4653,0.1704,0.4653,4.449,19.659292,28.371,10.2835,89.918,0.32776,2.133378216951125,0.092,0
2025-03-24T10:11:49Z,5.26,9.6714,22.5,3.9536,0.1704,0.4653,4.1015,19.664755,28.385,10.2673,89.799,0.32464,2.134998313167189,0.092,0
2025-03-24T10:11:49Z,5.284,9.6618,22.5,3.9841,0.1704,0.4653,4.162,19.654079,28.374,10.2547,89.649,0.2713,2.1346864273457715,0.091,0
2025-03-24T10:11:49Z,5.307,9.6525,22.59,3.9574,0.1704,0.54990000000000006,4.0713,19.630389,28.344,10.2446,89.457,0.29465,2.1328427555729728,0.091,0
2025-03-24T10:11:49Z,5.33,9.6441,22.59,3.9574,0.1704,0.54990000000000006,3.9656,19.625189,28.34,10.2348,89.212,0.26558,2.133017395972045,0.091,0
2025-03-24T10:11:49Z,5.352,9.637,22.59,3.9689,0.1704,0.54990000000000006,4.1469,19.623157,28.34,10.223,88.907,0.26616,2.1334344561843386,0.092,0
2025-03-24T10:11:49Z,5.375,9.6311,22.59,3.9918,0.1704,0.54990000000000006,3.9656,19.605838,28.317,10.2073,88.553,0.25318,2.131947383934217,0.094,0
2025-03-24T10:11:49Z,5.399,9.6262,22.5,3.9803,0.1278,0.54990000000000006,4.0109,19.592498,28.301,10.1866,88.185,0.26203,2.130959186222737,0.096,0
2025-03-24T10:11:49Z,5.423,9.6223,22.5,3.9803,0.1278,0.54990000000000006,4.1167,19.593516,28.305,10.1597,87.839,0.25987,2.1315066229941007,0.099,0
2025-03-24T10:11:49Z,5.449,9.6191,22.5,3.9613,0.1278,0.54990000000000006,4.0864,19.615134,28.34,10.1258,87.547,0.25445,2.1344851846038626,0.102,0
2025-03-24T10:11:49Z,5.476,9.6162,22.5,3.9765,0.1278,0.54990000000000006,4.1015,19.637239,28.376,10.0861,87.328,0.24147,2.137526517315587,0.103,0
2025-03-24T10:11:49Z,5.504,9.6129,22.5,3.9727,0.1278,0.54990000000000006,4.0713,19.623923,28.36,10.0449,87.19,0.20866,2.136443956221428,0.103,0
2025-03-24T10:11:49Z,5.532,9.6088,22.5,3.9689,0.1278,0.5076,4.0411,19.593532,28.319,10.0065,87.123,0.18165,2.1334140819922376,0.101,0
2025-03-24T10:11:49Z,5.558,9.6041,22.5,3.7591,0.1278,0.5076,4.3433,19.579763,28.301,9.9744,87.104,0.1774,2.132253974085111,0.098,0
2025-03-24T10:11:49Z,5.582,9.5994,22.5,3.7286,0.1278,0.5076,4.4037,19.572974,28.294,9.9506,87.112,0.19575,2.1319713119766748,0.094,0
2025-03-24T10:11:49Z,5.605,9.5953,22.5,3.7286,0.1278,0.5076,4.313,19.573344,28.296,9.9358,87.122,0.18544,2.13237147779772,0.091,0
2025-03-24T10:11:49Z,5.627,9.592,22.68,3.7362,0.1278,0.54990000000000006,4.2224,19.592916,28.327,9.929,87.112,0.17602,2.135039017120478,0.088,0
2025-03-24T10:11:49Z,5.648,9.5894,22.68,3.7019,0.1278,0.54990000000000006,4.1167,19.624966,28.376,9.9274,87.063,0.19162,2.139102721786057,0.086,0
2025-03-24T10:11:49Z,5.67,9.587,22.68,3.7438,0.1278,0.54990000000000006,4.0713,19.658134,28.427,9.9288,86.959,0.17567,2.143315304632656,0.085,0
2025-03-24T10:11:49Z,5.693,9.5842,22.68,3.698,0.1278,0.54990000000000006,3.9505,19.673397,28.452,9.9307,86.803,0.16498,2.1454764909532376,0.082,0
2025-03-24T10:11:49Z,5.715,9.581,22.68,3.7476,0.1278,0.5922,3.9958,19.666861,28.444,9.9303,86.619,0.16798,2.1450265112166083,0.078,0
2025-03-24T10:11:49Z,5.735,9.5775,22.68,3.801,0.1278,0.5922,4.0562,19.656691,28.43,9.9255,86.439,0.16084,2.1441150864806575,0.074,0
2025-03-24T10:11:49Z,5.754,9.5741,22.68,3.7781,0.1278,0.5922,4.1469,19.652118,28.423,9.9144,86.287,0.14883,2.143756733923576,0.069,0
2025-03-24T10:11:49Z,5.77,9.5711,22.68,3.7667,0.1278,0.5922,4.1771,19.651923,28.423,9.8973,86.184,0.14422,2.1439338197944835,0.064,0
2025-03-24T10:11:49Z,5.784,9.5691,22.59,3.7896,0.1278,0.6345,4.0864,19.660034,28.436,9.8769,86.142,0.16758,2.145090217738714,0.06,0
2025-03-24T10:11:49Z,5.798,9.5684,22.59,3.6408,0.1278,0.6345,4.2526,19.682595,28.471,9.8565,86.155,0.16084,2.1479272423996147,0.057,0
2025-03-24T10:11:49Z,5.812,9.5685,22.59,3.679,0.1278,0.6345,4.162,19.699745,28.498,9.8391,86.213,0.17044,2.150077932854357,0.055,0
2025-03-24T10:11:49Z,5.826,9.5684,22.59,3.6523,0.1278,0.6345,4.4037,19.690179,28.486,9.8274,86.305,0.13775,2.149124668801988,0.054,0
2025-03-24T10:11:49Z,5.84,9.567,22.59,3.6675,0.1278,0.6345,4.2375,19.677225,28.468,9.823,86.424,0.16714,2.147769239674193,0.053,0
2025-03-24T10:11:49Z,5.854,9.5642,22.59,3.4234,0.1278,0.5922,4.0713,19.675342,28.463,9.8251,86.569,0.14732,2.1475354251878107,0.053,0
2025-03-24T10:11:49Z,5.867,9.561,22.59,3.4234,0.1278,0.5922,4.0562,19.672086,28.455,9.8324,86.739,0.14315,2.147085591066612,0.053,0
2025-03-24T10:11:49Z,5.879,9.5588,22.59,3.4196,0.1278,0.5922,4.0864,19.678531,28.461,9.8435,86.923,0.16084,2.1476951257133337,0.054,0
2025-03-24T10:11:49Z,5.892,9.5588,22.59,3.4234,0.1278,0.5922,4.026,19.700379,28.491,9.857,87.106,0.15917,2.1500920510614145,0.056,0
2025-03-24T10:11:49Z,5.907,9.5611,22.5,3.4577,0.1704,0.54990000000000006,4.026,19.719567,28.519,9.873,87.272,0.13529,2.152192535715525,0.06,0
2025-03-24T10:11:49Z,5.922,9.5648,22.5,3.4806,0.1704,0.54990000000000006,4.026,19.725288,28.529,9.8915,87.402,0.14668,2.152771126569734,0.065,0
2025-03-24T10:11:49Z,5.939,9.5683,22.5,3.4997,0.1704,0.54990000000000006,4.026,19.723049,28.531,9.9117,87.483,0.12336,2.152722281742239,0.071,0
2025-03-24T10:11:49Z,5.957,9.5706,22.5,3.5035,0.1704,0.54990000000000006,4.1015,19.706281,28.514,9.932,87.516,0.13579,2.151226704690264,0.078,0
2025-03-24T10:11:49Z,5.978,9.5709,22.59,3.6751,0.1704,0.4653,3.9203,19.664539,28.462,9.9509,87.513,0.12814,2.147054049128708,0.085,0
2025-03-24T10:11:49Z,6.001,9.5684,22.59,3.6599,0.1704,0.4653,4.1015,19.624513,28.414,9.9663,87.483,0.13989,2.1433671453688263,0.092,0
2025-03-24T10:11:49Z,6.026,9.5625,22.59,3.6599,0.1704,0.4653,3.9807,19.597428,28.386,9.9769,87.442,0.11612,2.141478750248512,0.099,0
2025-03-24T10:11:49Z,6.053,9.5534,22.59,3.6523,0.1704,0.4653,3.9505,19.586013,28.38,9.9829,87.407,0.13374,2.141536843223576,0.105,0
2025-03-24T10:11:49Z,6.08,9.5425,22.59,3.9956,0.1704,0.4653,4.2224,19.593195,28.402,9.9851,87.39,0.1162,2.143939452839048,0.109,0
2025-03-24T10:11:49Z,6.109,9.5306,22.59,3.9651,0.1704,0.5922,4.2979,19.595012,28.415,9.9845,87.397,0.12336,2.145683160334265,0.113,0
2025-03-24T10:11:49Z,6.138,9.5176,22.59,3.9613,0.1704,0.5922,4.2526,19.593938,28.421,9.9829,87.425,0.11628,2.146933282608786,0.116,0
2025-03-24T10:11:49Z,6.169,9.5038,22.59,3.9574,0.1704,0.5922,4.3735,19.613575,28.456,9.9822,87.463,0.11607,2.150552479935832,0.117,0
2025-03-24T10:11:49Z,6.2,9.4903,22.59,3.7095,0.1704,0.5922,4.2828,19.637261,28.495,9.9835,87.503,0.11633,2.1544769450802552,0.117,0
2025-03-24T10:11:49Z,6.231,9.4783,22.68,3.7553,0.1704,0.6345,4.313,19.641453,28.505,9.9871,87.545,0.11605,2.155992131415846,0.115,0
2025-03-24T10:11:49Z,6.261,9.4684,22.68,3.7209,0.1704,0.6345,4.3886,19.637223,28.501,9.9927,87.587,0.116,2.156261264440739,0.112,0
2025-03-24T10:11:49Z,6.289,9.4607,22.68,3.7438,0.1704,0.6345,4.2526,19.625434,28.486,9.9989,87.618,0.11628,2.155517806671371,0.107,0
2025-03-24T10:11:49Z,6.316,9.4549,22.68,3.7781,0.1704,0.6345,4.2224,19.610904,28.467,10.0048,87.63,0.1163,2.154340172871363,0.103,0
2025-03-24T10:11:49Z,6.341,9.4504,22.68,3.7743,0.1278,0.6345,4.1469,19.601701,28.455,10.0107,87.621,0.11617,2.153645845535405,0.098,0
2025-03-24T10:11:49Z,6.366,9.4471,22.68,3.801,0.1278,0.6345,4.0864,19.601345,28.455,10.0163,87.593,0.11628,2.153841778211775,0.094,0
2025-03-24T10:11:49Z,6.389,9.4445,22.68,3.801,0.1278,0.6345,4.1318,19.627654,28.495,10.0205,87.55,0.11628,2.1572026343064157,0.09,0
2025-03-24T10:11:49Z,6.411,9.4425,22.68,4.2664,0.1278,0.6345,4.1015,19.665748,28.552,10.0223,87.493,0.1162,2.1618916096434027,0.087,0
2025-03-24T10:11:49Z,6.432,9.441,22.68,4.2474,0.1278,0.6345,3.9656,19.683982,28.58,10.0216,87.421,0.11633,2.164226037747385,0.085,0
2025-03-24T10:11:49Z,6.453,9.4397,22.68,4.2664,0.1278,0.6345,3.9958,19.68722,28.588,10.0187,87.341,0.11607,2.16494479439968,0.083,0
2025-03-24T10:11:49Z,6.473,9.4384,22.68,4.2741,0.1278,0.6345,4.026,19.684287,28.587,10.0141,87.263,0.11617,2.164941822376018,0.082,0
2025-03-24T10:11:49Z,6.495,9.4367,22.68,4.8654,0.1278,0.6345,4.1922,19.666439,28.564,10.0079,87.19,0.11623,2.1631983152691845,0.082,0
2025-03-24T10:11:49Z,6.516,9.4341,22.68,4.8577,0.1278,0.6345,4.2677,19.636878,28.523,10.0004,87.113,0.11615,2.160064998767159,0.081,0
2025-03-24T10:11:49Z,6.537,9.4308,22.86,4.8615,0.213,0.54990000000000006,4.2677,19.599665,28.471,9.9921,87.024,0.11628,2.1560912430938086,0.079,0
2025-03-24T10:11:49Z,6.556,9.427,22.86,4.8501,0.213,0.54990000000000006,4.4339,19.566773,28.425,9.984,86.928,0.11623,2.15262829339573,0.078,0
2025-03-24T10:11:49Z,6.576,9.4236,22.86,3.9727,0.213,0.54990000000000006,4.2828,19.56327,28.421,9.9764,86.84,0.11605,2.152509501897858,0.077,0
2025-03-24T10:11:49Z,6.595,9.4207,22.86,3.9841,0.213,0.54990000000000006,4.313,19.574289,28.438,9.9683,86.778,0.11623,2.1540452718607663,0.076,0
2025-03-24T10:11:49Z,6.614,9.4184,23.04,3.9651,0.1704,0.6345,4.3584,19.580871,28.448,9.9587,86.75,0.11612,2.154983994376508,0.076,0
2025-03-24T10:11:49Z,6.634,9.4166,23.04,3.988,0.1704,0.6345,4.2979,19.592734,28.465,9.9481,86.752,0.11623,2.1564545768648613,0.075,0
2025-03-24T10:11:49Z,6.653,9.4152,23.04,3.5493,0.1704,0.6345,4.2677,19.605079,28.484,9.9383,86.785,0.11615,2.158061923333586,0.074,0
2025-03-24T10:11:49Z,6.672,9.4141,23.04,3.5607,0.1704,0.6345,4.313,19.617216,28.502,9.9315,86.842,0.11633,2.159571284333236,0.074,0
2025-03-24T10:11:49Z,6.69,9.4135,22.68,3.534,0.1704,0.7614,4.2224,19.636365,28.532,9.9284,86.902,0.11625,2.162013850738584,0.074,0
2025-03-24T10:11:49Z,6.709,9.4133,22.68,3.5264,0.1704,0.7614,4.2375,19.647724,28.551,9.9288,86.94,0.11623,2.1635499345171203,0.073,0
2025-03-24T10:11:49Z,6.728,9.4128,22.68,3.6523,0.1704,0.7614,4.2526,19.654324,28.564,9.9326,86.94,0.11633,2.164622533573081,0.072,0
2025-03-24T10:11:49Z,6.747,9.4114,22.68,3.6713,0.1704,0.7614,4.2828,19.665885,28.583,9.9395,86.903,0.1162,2.1662307770827827,0.072,0
2025-03-24T10:11:49Z,6.765,9.4089,22.77,3.6637,0.1704,0.6345,4.3735,19.669567,28.59,9.947,86.85,0.11625,2.1669420327768587,0.071,0
2025-03-24T10:11:49Z,6.783,9.4056,22.77,3.6484,0.1704,0.6345,4.2224,19.666352,28.587,9.9522,86.791,0.11615,2.1668987016279444,0.07,0
2025-03-24T10:11:49Z,6.8,9.4024,22.77,3.9727,0.1704,0.6345,4.3886,19.655381,28.573,9.9529,86.722,0.11628,2.1659662715219885,0.069,0
2025-03-24T10:11:49Z,6.817,9.3995,22.77,3.9574,0.1704,0.6345,4.2828,19.63771,28.549,9.9494,86.643,0.11602,2.1642128982458533,0.068,0
2025-03-24T10:11:49Z,6.834,9.397,22.77,3.9765,0.1704,0.6345,4.2979,19.636495,28.548,9.9439,86.559,0.1162,2.1642819201381505,0.067,0
2025-03-24T10:11:49Z,6.851,9.3949,22.77,3.9651,0.1704,0.7614,4.313,19.651413,28.571,9.9376,86.478,0.11628,2.1662539975670243,0.066,0
2025-03-24T10:11:49Z,6.868,9.3928,22.77,4.0528,0.1704,0.7614,4.736,19.662554,28.588,9.9302,86.413,0.116,2.167744618068497,0.065,0
2025-03-24T10:11:49Z,6.885,9.391,22.77,4.007,0.1704,0.7614,4.8115,19.664927,28.592,9.9216,86.372,0.11605,2.1681734105981505,0.065,0
2025-03-24T10:11:49Z,6.901,9.3895,22.77,4.0108,0.1704,0.7614,4.8115,19.659165,28.584,9.9123,86.358,0.11602,2.167620484849236,0.064,0
2025-03-24T10:11:49Z,6.917,9.3885,22.77,4.0375,0.1704,0.7191,4.7662,19.651693,28.574,9.9033,86.375,0.11623,2.166876882079119,0.064,0
2025-03-24T10:11:49Z,6.933,9.3878,22.77,4.1863,0.1704,0.7191,4.7058,19.648481,28.57,9.8961,86.42,0.11597,2.166597115568106,0.064,0
2025-03-24T10:11:49Z,6.949,9.3872,22.77,4.152,0.1704,0.7191,4.7964,19.648673,28.571,9.8915,86.476,0.1161,2.1667128994798857,0.065,0
2025-03-24T10:11:49Z,6.966,9.3866,22.77,4.1749,0.1704,0.7191,4.736,19.644357,28.566,9.89,86.52,0.1162,2.166346805900508,0.066,0
2025-03-24T10:11:49Z,6.982,9.3857,22.77,4.1291,0.1278,0.5922,4.7964,19.630402,28.548,9.8921,86.528,0.11615,2.1649546461367657,0.067,0
2025-03-24T10:11:49Z,6.999,9.3847,22.77,4.2512,0.1278,0.5922,5.3101,19.611048,28.522,9.8975,86.489,0.11623,2.1629259712324664,0.068,0
2025-03-24T10:11:49Z,7.017,9.3834,22.77,4.2626,0.1278,0.5922,5.1892,19.593078,28.498,9.9042,86.406,0.11612,2.1610758620460815,0.068,0
2025-03-24T10:11:49Z,7.035,9.3817,22.77,4.2779,0.1278,0.5922,5.3403,19.597578,28.507,9.9096,86.291,0.11625,2.161899882018656,0.067,0
2025-03-24T10:11:49Z,7.053,9.3795,22.86,4.2931,0.1704,0.7191,5.2345,19.647643,28.583,9.9111,86.158,0.11602,2.1681357253741247,0.065,0
2025-03-24T10:11:49Z,7.07,9.3771,22.86,4.2664,0.1704,0.7191,8.0594,19.724775,28.698,9.9072,86.013,0.11607,2.177519540138046,0.062,0
2025-03-24T10:11:49Z,7.085,9.3742,22.86,4.2626,0.1704,0.7191,8.0594,19.797786,28.808,9.8984,85.87,0.11623,2.186535670905409,0.058,0
2025-03-24T10:11:49Z,7.099,9.3709,22.86,4.2931,0.1704,0.7191,8.0141,19.880175,28.932,9.886,85.742,0.11607,2.1967059596697402,0.054,0
2025-03-24T10:11:49Z,7.112,9.3673,22.86,4.2893,0.1704,0.7191,8.1199,19.970024,29.067,9.8716,85.638,0.1163,2.207784645194109,0.05,0
2025-03-24T10:11:49Z,7.124,9.3633,22.77,4.6212,0.1278,0.6345,22.1537,20.023612,29.149,9.8559,85.555,0.11623,2.2146279480197943,0.046,0
2025-03-24T10:11:49Z,7.135,9.3589,22.77,4.6136,0.1278,0.6345,22.1537,20.037313,29.173,9.8405,85.478,0.11607,2.2168296049372977,0.043,0
2025-03-24T10:11:49Z,7.145,9.3538,22.77,4.6098,0.1278,0.6345,22.048,20.042649,29.183,9.8271,85.392,0.11623,2.2179478394183127,0.04,0
2025-03-24T10:11:49Z,7.155,9.3486,22.77,4.6136,0.1278,0.6345,22.1235,20.041044,29.183,9.8163,85.283,0.11617,2.218267314475763,0.038,0
2025-03-24T10:11:49Z,7.164,9.3438,22.77,4.6059,0.1704,0.7191,44.0278,20.020125,29.155,9.8079,85.131,0.1161,2.2163074397953224,0.035,0
2025-03-24T10:11:49Z,7.173,9.3398,22.77,7.3945,0.1704,0.7191,104.9219,19.988248,29.109,9.8001,84.917,0.11633,2.212848530164829,0.033,0
2025-03-24T10:11:49Z,7.182,9.3366,22.77,7.3983,0.1704,0.7191,104.8766,19.972744,29.087,9.791,84.631,0.11633,2.2112729403265896,0.031,0
2025-03-24T10:11:49Z,7.189,9.3341,22.77,7.3983,0.1704,0.7191,104.9974,19.973461,29.088,9.7791,84.283,0.11623,2.2115065644876903,0.028,0
2025-03-24T10:11:49Z,7.196,9.3323,22.77,7.406,0.1704,0.6768,104.9521,19.96272,29.072,9.7621,83.899,0.11612,2.210328122039771,0.026,0
2025-03-24T10:11:49Z,7.202,9.331,22.77,13.2426,0.1704,0.6768,192.9773,19.943628,29.044,9.7378,83.51,0.11615,2.2081525858280595,0.023,0
2025-03-24T10:11:49Z,7.208,9.3303,22.77,13.2273,0.1704,0.6768,193.1434,19.927021,29.019,9.7052,83.143,0.11628,2.2061819611024442,0.021,0
2025-03-24T10:11:49Z,7.213,9.3301,22.77,13.2235,0.1704,0.6768,193.083,19.908469,28.991,9.6654,82.828,0.11623,2.2039392386407197,0.019,0
2025-03-24T10:11:49Z,7.218,9.3303,22.77,13.2235,0.1278,0.7191,193.1888,19.883026,28.952,9.6213,82.589,0.11612,2.200786522796246,0.016,0
2025-03-24T10:11:49Z,7.222,9.331,22.77,7.2191,0.1278,0.7191,46.9736,19.861821,28.918,9.5765,82.438,0.11615,2.198006246561239,0.014,0
2025-03-24T10:11:49Z,7.225,9.3321,22.77,7.2076,0.1278,0.7191,46.9585,19.853135,28.902,9.5342,82.381,0.11612,2.196651010457783,0.011,0
2025-03-24T10:11:49Z,7.227,9.3338,22.77,7.2076,0.1278,0.7191,46.8074,19.838727,28.876,9.4977,82.41,0.11617,2.1944544633386984,0.009,0
2025-03-24T10:11:49Z,7.229,9.3363,22.77,7.1847,0.1278,0.7191,46.8074,19.820726,28.844,9.4697,82.513,0.116,2.191726725938588,0.006,0
2025-03-24T10:11:49Z,7.23,9.3396,22.86,8.0011,0.1278,0.5922,46.2938,19.812248,28.826,9.4517,82.688,0.11607,2.1900776116474105,0.004,0
2025-03-24T10:11:49Z,7.231,9.3438,22.86,8.0125,0.1278,0.5922,46.2183,19.811033,28.82,9.4441,82.939,0.11623,2.1893397485940014,0.002,0
