DateTime,Depth_m,Temp_C,Chla_ugL,Turbidity_NTU,Cond_uScm,SpCond_uScm,DO_mgL,DOsat_percent,pH,ORP_mV,PAR,Salinity,DescRate_ms ,Flag
2025-03-24T11:01:04Z,-0.101,10.5404,1.9195,4.6712,2.498661,3.514,9.9569,89.337,6.845,237.1912,135.65,0.23520347792227833,0.021,0
2025-03-24T11:01:04Z,-0.095,10.5424,1.8977,4.7207,2.465341,3.467,9.9559,89.377,6.815,236.8899,132.06,0.23195545874819257,0.031,0
2025-03-24T11:01:04Z,-0.086,10.5446,1.8282,4.7465,2.421733,3.405,9.9611,89.462,6.794,237.0241,129.03,0.22767716972262203,0.043,0
2025-03-24T11:01:04Z,-0.074,10.5468,1.7702,4.7439,2.414826,3.395,9.9582,89.577,6.778,237.2648,126.57,0.2269766398139201,0.058,0
2025-03-24T11:01:04Z,-0.056,10.5492,1.7624,4.7571,2.381834,3.349,9.9508,89.712,6.761,237.3061,124.85,0.2238013196425289,0.076,0
2025-03-24T11:01:04Z,-0.039,10.5516,1.8094,4.804,2.339561,3.289,9.9582,89.874,6.745,237.3511,123.67,0.2196675288950097,0.095,0
2025-03-24T11:01:04Z,-0.017,10.5537,1.8802,4.8327,2.347126,3.299,9.9662,90.097,6.733,237.5511,120.12,0.22034192932227478,0.111,0
2025-03-24T11:01:04Z,0.021,10.556,1.9272,4.8645,2.346614,3.299,9.9796,90.394,6.721,237.7455,115.05,0.22032867725420233,0.12,0
2025-03-24T11:01:04Z,0.061,10.5585,1.9461,4.9499,2.33336,3.28,9.9941,90.748,6.711,237.8085,110.07,0.21901049421859475,0.119,0
2025-03-24T11:01:04Z,0.1,10.561,1.9166,4.9088,2.313567,3.252,10.0093,91.121,6.705,237.8825,105.91,0.21707561904303907,0.109,0
2025-03-24T11:01:04Z,0.135,10.5637,1.8529,4.7431,2.297343,3.229,10.0331,91.469,6.7,238.2965,104.47,0.21548338682126472,0.092,0
2025-03-24T11:01:04Z,0.154,10.5662,1.8259,4.7226,2.327239,3.271,10.0665,91.794,6.698,238.8559,103.87,0.2183492966321133,0.072,0
2025-03-24T11:01:04Z,0.159,10.5685,1.8312,4.7634,2.358307,3.314,10.1065,92.083,6.699,239.1395,103.1,0.22128639576538692,0.056,0
2025-03-24T11:01:04Z,0.161,10.5706,1.858,4.7242,2.356251,3.311,10.1507,92.291,6.7,239.0584,103.02,0.22106851817378154,0.046,0
2025-03-24T11:01:04Z,0.168,10.5727,1.917,4.6927,2.365724,3.324,10.1879,92.436,6.702,238.7355,101.84,0.22194861543182495,0.042,0
2025-03-24T11:01:04Z,0.183,10.575,1.9712,4.7242,2.346154,3.296,10.2224,92.54,6.705,238.7624,99.76,0.22001425857024912,0.047,0
2025-03-24T11:01:04Z,0.199,10.5771,2.0057,4.7634,2.309669,3.245,10.2595,92.605,6.707,239.4694,98.757,0.21650530021392106,0.056,0
2025-03-24T11:01:04Z,0.213,10.5791,2.0087,4.7225,2.304661,3.238,10.2785,92.663,6.707,240.3157,97.797,0.21601436347293076,0.064,0
2025-03-24T11:01:04Z,0.229,10.5813,2.0001,4.7076,2.285607,3.211,10.2939,92.755,6.708,240.8208,96.482,0.21415217759596755,0.069,0
2025-03-24T11:01:04Z,0.247,10.5833,2.0257,4.7891,2.269329,3.188,10.306,92.89,6.71,241.1889,95.253,0.21256593246407943,0.072,0
2025-03-24T11:01:04Z,0.267,10.5852,2.0532,4.7843,2.297876,3.228,10.3101,93.011,6.715,241.6684,93.699,0.21529505836037394,0.076,0
2025-03-24T11:01:04Z,0.289,10.5873,2.049,4.6848,2.314045,3.25,10.316,93.126,6.72,242.0587,92.312,0.21679070145077153,0.08,0
2025-03-24T11:01:04Z,0.309,10.5894,2.0078,4.6788,2.27478,3.195,10.3221,93.283,6.725,242.3805,91.049,0.21301159244080378,0.082,0
2025-03-24T11:01:04Z,0.328,10.5915,1.9376,4.7462,2.26656,3.183,10.3434,93.514,6.727,242.7192,89.365,0.21217852331819703,0.081,0
2025-03-24T11:01:04Z,0.351,10.5937,1.8826,4.7477,2.277997,3.199,10.3537,93.789,6.727,243.0577,87.592,0.2132617292946218,0.079,0
2025-03-24T11:01:04Z,0.376,10.5961,1.8673,4.6976,2.286373,3.211,10.3636,93.985,6.726,243.3762,86.582,0.21407003852276787,0.077,0
2025-03-24T11:01:04Z,0.393,10.5983,1.8941,4.6864,2.304493,3.236,10.3807,94.136,6.728,243.5584,85.859,0.2157698784763744,0.075,0
2025-03-24T11:01:04Z,0.408,10.6005,1.932,4.7154,2.307038,3.239,10.4023,94.328,6.737,243.4535,84.837,0.2159630681370103,0.07,0
2025-03-24T11:01:04Z,0.425,10.6025,1.943,4.7069,2.317143,3.253,10.4458,94.564,6.749,243.0544,83.442,0.21691081671273385,0.061,0
2025-03-24T11:01:04Z,0.445,10.6044,1.9361,4.6509,2.299986,3.229,10.4603,94.785,6.762,243.0347,82.189,0.21525644008249722,0.051,0
2025-03-24T11:01:04Z,0.462,10.6066,1.9227,4.6538,2.289621,3.215,10.4734,94.927,6.774,243.5589,81.805,0.2142856804133494,0.042,0
2025-03-24T11:01:04Z,0.469,10.6089,1.9061,4.7417,2.318521,3.255,10.4945,95.012,6.784,244.0583,81.637,0.21701185439740045,0.034,0
2025-03-24T11:01:04Z,0.471,10.611,1.886,4.7915,2.332678,3.275,10.5219,95.077,6.794,244.4263,81.364,0.21837006663316363,0.026,0
2025-03-24T11:01:04Z,0.473,10.6129,1.8625,4.744,2.334107,3.276,10.5516,95.145,6.803,244.6528,81.084,0.21842786671563907,0.02,0
2025-03-24T11:01:04Z,0.477,10.6146,1.8543,4.6787,2.335795,3.278,10.563,95.185,6.81,244.9908,80.732,0.21855527576709918,0.019,0
2025-03-24T11:01:04Z,0.482,10.6157,1.8865,4.6507,2.353095,3.303,10.5725,95.167,6.814,245.4155,80.298,0.22026191658659028,0.024,0
2025-03-24T11:01:04Z,0.488,10.6171,1.9442,4.645,2.35323,3.303,10.5765,95.153,6.818,245.5722,79.871,0.2202539357503952,0.029,0
2025-03-24T11:01:04Z,0.495,10.6183,1.9862,4.6786,2.337431,3.281,10.5859,95.186,6.823,245.8529,79.481,0.21873985601902052,0.033,0
2025-03-24T11:01:04Z,0.505,10.6194,2.0119,4.7498,2.352116,3.301,10.5934,95.251,6.829,246.3149,78.646,0.2201037831937961,0.035,0
2025-03-24T11:01:04Z,0.519,10.6207,2.0549,4.7538,2.340737,3.284,10.5863,95.333,6.835,246.5974,77.811,0.2189317213800786,0.035,0
2025-03-24T11:01:04Z,0.531,10.6222,2.1229,4.728,2.326542,3.264,10.582,95.406,6.84,246.7737,77.364,0.21755349857027179,0.035,0
2025-03-24T11:01:04Z,0.539,10.6245,2.1678,4.7109,2.370523,3.326,10.5879,95.455,6.838,246.5533,76.989,0.22178771653212853,0.035,0
2025-03-24T11:01:04Z,0.544,10.6272,2.1736,4.6831,2.365741,3.319,10.5933,95.512,6.832,245.912,76.923,0.22129256735277286,0.037,0
2025-03-24T11:01:04Z,0.548,10.6307,2.118,4.6991,2.332069,3.271,10.6033,95.575,6.826,245.7309,76.684,0.21798503828541194,0.042,0
2025-03-24T11:01:04Z,0.557,10.6349,2.0038,4.6996,2.343477,3.286,10.6121,95.629,6.819,245.9982,75.724,0.21898840913065373,0.054,0
2025-03-24T11:01:04Z,0.573,10.6394,1.9412,4.724,2.313632,3.244,10.613,95.71,6.813,246.2181,74.781,0.21608826470382073,0.067,0
2025-03-24T11:01:04Z,0.591,10.6448,1.9437,4.7886,2.287949,3.207,10.6185,95.848,6.809,246.5831,73.703,0.21352756904816206,0.079,0
2025-03-24T11:01:04Z,0.615,10.6504,1.942,4.8312,2.286337,3.204,10.6269,96.043,6.806,246.9691,71.796,0.21329165180604268,0.09,0
2025-03-24T11:01:04Z,0.648,10.656,1.9296,4.9323,2.230789,3.126,10.6279,96.286,6.805,247.1006,70.332,0.20793242787781288,0.095,0
2025-03-24T11:01:04Z,0.673,10.6619,1.935,5.0534,2.186449,3.063,10.6347,96.56,6.806,247.1403,69.36,0.20360249211617898,0.09,0
2025-03-24T11:01:04Z,0.695,10.6681,1.9571,5.0654,2.19364,3.073,10.649,96.851,6.811,247.3627,67.885,0.20425198089299162,0.08,0
2025-03-24T11:01:04Z,0.724,10.6742,1.9551,4.9764,2.191055,3.068,10.6686,97.144,6.821,247.8111,66.958,0.20387900531430034,0.064,0
2025-03-24T11:01:04Z,0.74,10.6802,1.9533,4.8645,2.155186,3.018,10.6961,97.4,6.833,248.174,66.801,0.2004406265499268,0.045,0
2025-03-24T11:01:04Z,0.742,10.6866,1.9852,4.8063,2.140032,2.996,10.7244,97.57,6.848,248.3938,66.677,0.1989098340674023,0.03,0
2025-03-24T11:01:04Z,0.742,10.6928,1.9993,4.7851,2.134517,2.988,10.7561,97.668,6.863,248.5761,66.638,0.19833379000146448,0.016,0
2025-03-24T11:01:04Z,0.742,10.6988,1.9826,4.7447,2.088507,2.923,10.788,97.722,6.878,248.3998,66.662,0.1938826333526462,0.006,0
2025-03-24T11:01:04Z,0.742,10.7048,1.9584,4.7612,2.027152,2.837,10.8186,97.739,6.891,247.9831,66.642,0.18801206249462193,0.002,0
2025-03-24T11:01:04Z,0.742,10.7108,1.9398,4.883,1.962792,2.746,10.8345,97.728,6.903,247.9251,66.665,0.18181294610928408,0.004,0
2025-03-24T11:01:04Z,0.742,10.7168,1.949,4.9866,1.880441,2.631,10.8417,97.68,6.914,248.2161,66.668,0.17400250660848776,0.009,0
2025-03-24T11:01:04Z,0.743,10.7225,1.9534,4.9892,1.791595,2.506,10.8479,97.628,6.923,248.5751,66.517,0.1655372689974214,0.016,0
2025-03-24T11:01:04Z,0.746,10.7283,1.9428,4.9827,1.775389,2.483,10.8458,97.613,6.924,248.825,66.119,0.1639624868530819,0.027,0
2025-03-24T11:01:04Z,0.754,10.7341,1.9443,5.0109,1.811181,2.533,10.8458,97.616,6.917,248.828,65.608,0.16730983151403125,0.042,0
2025-03-24T11:01:04Z,0.765,10.7395,1.9393,4.9887,1.780937,2.49,10.8371,97.65,6.911,248.8693,65.138,0.16438803902782104,0.053,0
2025-03-24T11:01:04Z,0.78,10.7448,1.9313,4.9184,1.726439,2.413,10.8265,97.731,6.911,249.152,64.18,0.15918144530396708,0.058,0
2025-03-24T11:01:04Z,0.805,10.75,1.9394,4.9134,1.722359,2.407,10.8268,97.827,6.914,249.4935,62.899,0.1587570367930913,0.057,0
2025-03-24T11:01:04Z,0.83,10.755,1.9542,4.9618,1.731601,2.42,10.8246,97.946,6.919,249.8148,62.255,0.1596115488594251,0.051,0
2025-03-24T11:01:04Z,0.843,10.76,1.961,4.9231,1.711488,2.391,10.8248,98.116,6.923,250.1114,62.17,0.15764142094161362,0.043,0
2025-03-24T11:01:04Z,0.845,10.765,1.9634,4.8888,1.73255,2.42,10.836,98.297,6.923,250.4985,62.177,0.15957158269177105,0.037,0
2025-03-24T11:01:04Z,0.846,10.7699,1.9905,4.9228,1.796233,2.509,10.8451,98.444,6.916,250.7957,62.191,0.16554199239931708,0.036,0
2025-03-24T11:01:04Z,0.847,10.7746,2.0312,4.8571,1.784681,2.493,10.8533,98.564,6.906,250.7792,62.125,0.16444499555928138,0.041,0
2025-03-24T11:01:04Z,0.855,10.7792,2.0485,4.7435,1.782907,2.49,10.8748,98.673,6.898,250.5568,61.336,0.16422404353063216,0.059,0
2025-03-24T11:01:04Z,0.876,10.7839,2.0496,4.7107,1.838128,2.567,10.8959,98.787,6.89,250.258,59.987,0.16939113965712616,0.087,0
2025-03-24T11:01:04Z,0.901,10.7884,2.0445,4.6994,1.818917,2.539,10.9095,98.927,6.885,250.2637,59.139,0.16748524250875776,0.113,0
2025-03-24T11:01:04Z,0.927,10.7929,2.0193,4.7098,1.80401,2.518,10.9218,99.122,6.882,250.4541,57.681,0.16605211321158792,0.132,0
2025-03-24T11:01:04Z,0.973,10.7972,1.9701,4.8016,1.847919,2.579,10.9316,99.373,6.881,250.4948,55.091,0.17014285952429226,0.142,0
2025-03-24T11:01:04Z,1.029,10.8017,1.9409,4.9216,1.906395,2.661,10.9431,99.68,6.881,250.5843,53.262,0.17565314391631875,0.142,0
2025-03-24T11:01:04Z,1.07,10.8063,1.9575,4.9986,2.004276,2.797,10.955,100.039,6.882,250.7609,52.25,0.1848202566795254,0.137,0
2025-03-24T11:01:04Z,1.097,10.8104,1.962,4.982,2.081216,2.904,10.9764,100.429,6.885,251.0816,51.411,0.19204342081524745,0.128,0
2025-03-24T11:01:04Z,1.119,10.8145,1.9376,4.9252,2.139875,2.986,11.003,100.811,6.888,251.5366,50.554,0.19758152407939475,0.117,0
2025-03-24T11:01:04Z,1.144,10.8187,1.9374,4.9271,2.206755,3.079,11.0356,101.155,6.892,251.8741,49.456,0.20387206560508833,0.109,0
2025-03-24T11:01:04Z,1.17,10.8228,1.9603,4.9707,2.256394,3.148,11.0757,101.483,6.896,252.0649,48.515,0.20853885110712028,0.108,0
2025-03-24T11:01:04Z,1.198,10.8269,1.9722,4.975,2.359989,3.292,11.1185,101.808,6.898,252.1233,47.468,0.21831554232286515,0.111,0
2025-03-24T11:01:04Z,1.231,10.8308,1.9808,4.9441,2.509105,3.5,11.1632,102.123,6.9,252.1495,46.344,0.23248148871356747,0.112,0
2025-03-24T11:01:04Z,1.263,10.8349,1.998,4.9735,2.66571,3.718,11.1971,102.43,6.902,252.2958,45.411,0.24736855150951084,0.11,0
2025-03-24T11:01:04Z,1.292,10.8387,2.0141,5.022,2.859852,3.988,11.2323,102.738,6.906,252.1716,44.487,0.2658692170933791,0.107,0
2025-03-24T11:01:04Z,1.318,10.8426,2.0011,4.9842,3.082719,4.298,11.268,103.04,6.91,251.7666,43.713,0.28718463444675457,0.103,0
2025-03-24T11:01:04Z,1.342,10.8466,1.9574,4.892,3.333227,4.647,11.3018,103.317,6.914,251.7864,43.049,0.3112699651473628,0.1,0
2025-03-24T11:01:04Z,1.363,10.8502,1.9351,4.8638,3.60816,5.03,11.334,103.562,6.919,251.9812,42.324,0.33780629899269077,0.099,0
2025-03-24T11:01:04Z,1.387,10.854,1.9474,4.9506,3.87291,5.398,11.3671,103.774,6.924,251.9711,41.539,0.36339132033480626,0.101,0
2025-03-24T11:01:04Z,1.412,10.858,1.9475,5.0195,4.253663,5.928,11.4011,103.983,6.929,252.0936,40.647,0.40040092877462635,0.105,0
2025-03-24T11:01:04Z,1.441,10.8618,1.903,5.0137,4.727404,6.588,11.43,104.192,6.933,252.4302,39.734,0.4467299307903706,0.11,0
2025-03-24T11:01:04Z,1.472,10.8656,1.8508,5.017,5.229509,7.287,11.4578,104.413,6.936,252.8573,38.95,0.4960565760855402,0.114,0
2025-03-24T11:01:04Z,1.501,10.8694,1.8326,4.9564,6.079774,8.471,11.4768,104.663,6.94,253.1279,38.146,0.5801995505250321,0.114,0
2025-03-24T11:01:04Z,1.533,10.873,1.8243,4.8622,7.721814,10.757,11.5003,104.912,6.943,253.2072,37.188,0.7444840444789259,0.111,0
2025-03-24T11:01:04Z,1.566,10.8768,1.8331,4.8348,10.763358,14.993,11.5224,105.164,6.945,253.3001,36.437,1.0541313126335263,0.106,0
2025-03-24T11:01:04Z,1.591,10.8805,1.8723,4.7954,14.211127,19.793,11.5421,105.422,6.948,253.4762,35.922,1.411638931993308,0.102,0
2025-03-24T11:01:04Z,1.611,10.8842,1.8998,4.7622,16.198902,22.56,11.5742,105.683,6.951,253.6153,35.349,1.620350395331419,0.098,0
2025-03-24T11:01:04Z,1.633,10.8882,1.8991,4.7408,16.859879,23.478,11.5975,105.963,6.953,253.6048,34.776,1.6898555679947416,0.093,0
2025-03-24T11:01:04Z,1.658,10.8919,1.9137,4.7073,17.068329,23.766,11.6248,106.238,6.955,253.5225,34.183,1.7115838375740247,0.09,0
2025-03-24T11:01:04Z,1.684,10.8956,1.9686,4.7327,17.13444,23.855,11.6535,106.48,6.959,253.4806,33.584,1.7181823461129975,0.09,0
2025-03-24T11:01:04Z,1.706,10.8993,2.0128,4.7406,17.15208,23.877,11.6781,106.681,6.964,253.6143,33.135,1.7196839407985276,0.089,0
2025-03-24T11:01:04Z,1.726,10.903,2.0153,4.7005,17.154828,23.879,11.7114,106.872,6.969,253.8483,32.615,1.7196641857945358,0.088,0
2025-03-24T11:01:04Z,1.749,10.9069,2.0319,4.7605,17.167671,23.894,11.7402,107.079,6.974,254.0723,32.025,1.7206236614902672,0.087,0
2025-03-24T11:01:04Z,1.771,10.9105,2.0885,4.919,17.180571,23.91,11.7676,107.269,6.982,254.3442,31.586,1.7216729814260507,0.085,0
2025-03-24T11:01:04Z,1.791,10.914,2.1258,5.0112,17.18402,23.912,11.787,107.436,6.992,254.5547,31.096,1.721662282382295,0.081,0
2025-03-24T11:01:04Z,1.815,10.9177,2.1249,4.9877,17.209378,23.946,11.8047,107.611,7.002,254.5525,30.545,1.7240755666475305,0.076,0
2025-03-24T11:01:04Z,1.839,10.9213,2.0864,4.8727,17.233602,23.977,11.8301,107.8,7.012,254.576,30.187,1.7262650090604357,0.07,0
2025-03-24T11:01:04Z,1.856,10.9248,2.0257,4.7492,17.223333,23.961,11.85,107.987,7.023,254.7527,30.012,1.7248851615506915,0.064,0
2025-03-24T11:01:04Z,1.866,10.9283,1.9993,4.724,17.211998,23.943,11.8651,108.162,7.033,254.8825,29.776,1.723353777621006,0.058,0
2025-03-24T11:01:04Z,1.877,10.9318,1.9998,4.7043,17.223345,23.956,11.8838,108.321,7.042,254.9406,29.437,1.7241792408877847,0.052,0
2025-03-24T11:01:04Z,1.891,10.9354,1.9981,4.6477,17.233738,23.968,11.9045,108.464,7.051,255.1109,29.154,1.724923807279632,0.05,0
2025-03-24T11:01:04Z,1.904,10.9388,2.0131,4.6548,17.210875,23.934,11.9243,108.581,7.06,255.3924,28.948,1.722181221468322,0.051,0
2025-03-24T11:01:04Z,1.916,10.942,2.0476,4.7218,17.200495,23.918,11.9435,108.678,7.07,255.678,28.718,1.7208165529141877,0.051,0
2025-03-24T11:01:04Z,1.929,10.9454,2.0656,4.7402,17.23502,23.964,11.9591,108.767,7.08,255.8964,28.363,1.7241542797460527,0.052,0
2025-03-24T11:01:04Z,1.944,10.9486,2.0646,4.6719,17.24795,23.98,11.9759,108.853,7.088,255.8815,28.047,1.7252210830041848,0.052,0
2025-03-24T11:01:04Z,1.957,10.9517,2.0847,4.6478,17.230041,23.953,11.9864,108.944,7.096,255.843,27.89,1.7230250557305573,0.051,0
2025-03-24T11:01:04Z,1.968,10.9548,2.1265,4.722,17.272064,24.009,11.9968,109.03,7.104,256.033,27.65,1.7271360425090723,0.048,0
2025-03-24T11:01:04Z,1.983,10.9582,2.1373,4.749,17.375688,24.151,12.0041,109.066,7.113,256.2864,27.356,1.7377690153451644,0.047,0
2025-03-24T11:01:04Z,1.996,10.9613,2.1231,4.702,17.468657,24.278,12.0142,109.155,7.121,256.497,27.22,1.7472780257573672,0.048,0
2025-03-24T11:01:04Z,2.003,10.9643,2.1621,4.7679,17.572017,24.42,12.0208,109.357,7.128,256.6862,27.097,1.7579349290354283,0.051,0
2025-03-24T11:01:04Z,2.013,10.9674,2.2514,4.9313,17.737891,24.649,12.0356,109.5,7.135,256.8538,26.816,1.7752096126987684,0.054,0
2025-03-24T11:01:04Z,2.029,10.9703,2.3048,5.0043,17.952754,24.945,12.0344,109.606,7.14,256.8886,26.429,1.797604331756346,0.054,0
2025-03-24T11:01:04Z,2.049,10.9731,2.308,5.0004,18.204651,25.293,12.0307,109.743,7.145,256.8489,26.083,1.8239824844465742,0.055,0
2025-03-24T11:01:04Z,2.067,10.976,2.3812,5.055,18.5647,25.792,12.0749,109.87,7.149,256.9756,25.856,1.8619002706317742,0.058,0
2025-03-24T11:01:04Z,2.078,10.9788,2.5483,5.186,19.009422,26.407,12.0796,110.005,7.15,257.1299,25.698,1.9087360532751632,0.064,0
2025-03-24T11:01:04Z,2.087,10.9817,2.6391,5.2185,19.524261,27.12,12.0872,110.145,7.151,257.3375,25.522,1.963141709964235,0.07,0
2025-03-24T11:01:04Z,2.1,10.9845,2.6301,5.1403,20.288174,28.18,12.1084,110.28,7.154,257.7651,25.141,2.044281547571744,0.076,0
2025-03-24T11:01:04Z,2.124,10.9873,2.5984,5.0946,21.525195,29.896,12.1156,110.43,7.159,258.0848,24.562,2.1761756519219775,0.082,0
2025-03-24T11:01:04Z,2.155,10.99,2.5641,5.0765,23.828851,33.093,12.1335,110.639,7.163,258.019,24.042,2.4234716388594766,0.087,0
2025-03-24T11:01:04Z,2.183,10.9925,2.5482,5.0571,27.088276,37.617,12.1466,110.909,7.166,257.8304,23.663,2.776477907774813,0.092,0
2025-03-24T11:01:04Z,2.205,10.9952,2.5305,4.9973,29.668659,41.197,12.1617,111.177,7.165,257.8685,23.369,3.0580587691916814,0.1,0
2025-03-24T11:01:04Z,2.223,10.9979,2.5001,4.8996,30.799428,42.764,12.1741,111.428,7.161,257.9637,23.113,3.1817747126412232,0.107,0
2025-03-24T11:01:04Z,2.241,11.0004,2.4296,4.9006,31.182024,43.293,12.1958,111.699,7.159,257.9491,22.752,3.223477978511957,0.11,0
2025-03-24T11:01:04Z,2.271,11.0029,2.32,4.9759,31.313083,43.472,12.229,111.989,7.161,258.0366,22.066,3.2374516442178956,0.108,0
2025-03-24T11:01:04Z,2.318,11.0054,2.2486,4.9559,31.305622,43.459,12.2585,112.283,7.164,258.1606,21.316,3.236199357309192,0.103,0
2025-03-24T11:01:04Z,2.358,11.008,2.224,4.8642,31.282119,43.423,12.2817,112.588,7.168,258.1585,21.018,3.2331154881980906,0.096,0
2025-03-24T11:01:04Z,2.374,11.0104,2.1973,4.8576,31.282671,43.422,12.3121,112.886,7.173,258.1834,20.968,3.2328264067325603,0.087,0
2025-03-24T11:01:04Z,2.381,11.0125,2.1748,4.9776,31.248851,43.372,12.3447,113.156,7.179,258.2891,20.814,3.228679543871467,0.073,0
2025-03-24T11:01:04Z,2.392,11.0149,2.1851,5.0174,31.190398,43.288,12.3747,113.41,7.186,258.404,20.607,3.221812353596752,0.058,0
2025-03-24T11:01:04Z,2.408,11.0172,2.1885,4.9296,31.146864,43.223,12.4089,113.624,7.191,258.5409,20.326,3.2164611584365614,0.046,0
2025-03-24T11:01:04Z,2.426,11.0195,2.1747,4.9405,31.103109,43.158,12.443,113.781,7.197,258.7393,20.079,3.211110660180364,0.04,0
2025-03-24T11:01:04Z,2.44,11.0218,2.1764,5.0127,31.041982,43.07,12.4696,113.883,7.203,258.9095,20.016,3.203940252184017,0.033,0
2025-03-24T11:01:04Z,2.444,11.0242,2.1842,5.0168,30.978713,42.98,12.4994,113.933,7.21,258.8776,20.013,3.1966056249787744,0.024,0
2025-03-24T11:01:04Z,2.444,11.0278,2.1935,4.9897,30.909069,42.88,12.5226,113.96,7.218,258.7846,20.013,3.1883780847462733,0.016,0
2025-03-24T11:01:04Z,2.444,11.0315,2.1885,4.9582,30.834287,42.774,12.5376,113.961,7.223,258.8173,20.03,3.17967027177932,0.014,0
2025-03-24T11:01:04Z,2.445,11.0342,2.1743,4.9775,30.772335000000002,42.686,12.5494,113.919,7.225,258.9293,20.02,3.1724754458789555,0.021,0
2025-03-24T11:01:04Z,2.447,11.0364,2.1805,5.0187,30.730939,42.626,12.5518,113.893,7.225,259.1066,19.95,3.167540410704934,0.035,0
2025-03-24T11:01:04Z,2.454,11.0385,2.1967,5.0122,30.714394,42.601,12.5542,113.929,7.226,259.4978,19.766,3.165383197148499,0.052,0
2025-03-24T11:01:04Z,2.47,11.0405,2.2204,4.967,30.699163,42.578,12.5568,113.994,7.227,259.9599,19.41,3.163392559994695,0.068,0
2025-03-24T11:01:04Z,2.496,11.0424,2.2592,4.8819,30.673652,42.54,12.5477,114.087,7.231,260.1335,18.992,3.1602237236932216,0.078,0
2025-03-24T11:01:04Z,2.526,11.0441,2.2912,4.8716,30.659686,42.519,12.5404,114.237,7.236,260.2203,18.671,3.1584166433583603,0.08,0
2025-03-24T11:01:04Z,2.552,11.0459,2.3077,4.9789,30.657168,42.514,12.5487,114.45,7.241,260.2346,18.391,3.157866827322875,0.074,0
2025-03-24T11:01:04Z,2.573,11.0479,2.2997,5.0188,30.643212,42.493,12.5539,114.689,7.246,260.04880000000003,18.177,3.1560348831105243,0.06,0
2025-03-24T11:01:04Z,2.585,11.0497,2.2447,4.944,30.617818,42.455,12.5624,114.907,7.253,260.2108,18.118,3.152876886990919,0.043,0
2025-03-24T11:01:04Z,2.589,11.0512,2.1846,4.8941,30.603871,42.434,12.5778,115.082,7.258,260.8155,18.119,3.1510893691099073,0.03,0
2025-03-24T11:01:04Z,2.59,11.0529,2.1714,4.9276,30.601458,42.429,12.6025,115.221,7.262,261.3376,18.118,3.1505495624690947,0.024,0
2025-03-24T11:01:04Z,2.59,11.0546,2.1858,4.9727,30.588641,42.41,12.6309,115.324,7.265,261.6203,18.113,3.1489033047151946,0.025,0
2025-03-24T11:01:04Z,2.592,11.0562,2.2086,4.9273,30.575775,42.39,12.6546,115.363,7.267,261.6526,18.029,3.1471867597651646,0.03,0
2025-03-24T11:01:04Z,2.601,11.0577,2.2472,4.8917,30.57277,42.384,12.6738,115.38,7.27,261.5559,17.819,3.146584857623882,0.036,0
2025-03-24T11:01:04Z,2.618,11.0594,2.2785,4.9517,30.552313,42.354,12.6868,115.442,7.275,261.6557,17.574,3.144069079020217,0.038,0
2025-03-24T11:01:04Z,2.635,11.061,2.2952,5.0047,30.518735,42.306,12.7014,115.535,7.28,261.8271,17.414,3.140139962283889,0.037,0
2025-03-24T11:01:04Z,2.647,11.0622,2.3327,4.9855,30.483951,42.257,12.7031,115.635,7.286,261.9069,17.343,3.1361667953031627,0.032,0
2025-03-24T11:01:04Z,2.652,11.0637,2.3741,4.9236,30.448921,42.207,12.6993,115.719,7.292,262.1042,17.334,3.132090276678018,0.023,0
2025-03-24T11:01:04Z,2.653,11.065,2.3956,4.9396,30.412364,42.155,12.7089,115.779,7.297,262.3194,17.356,3.12787347459792,0.014,0
2025-03-24T11:01:04Z,2.653,11.0662,2.41,5.0079,30.35912,42.08,12.7189,115.82,7.301,262.3584,17.349,3.121849728669745,0.007,0
2025-03-24T11:01:04Z,2.653,11.0674,2.3567,4.9641,30.312636,42.014,12.7305,115.825,7.305,262.317,17.317,3.1165376436908248,0.003,0
2025-03-24T11:01:04Z,2.654,11.0684,2.2338,4.8538,30.29437,41.988,12.7405,115.812,7.31,262.3356,17.312,3.1144009940657957,0.001,0
2025-03-24T11:01:04Z,2.654,11.0695,2.1642,4.836,30.265144,41.947,12.7447,115.81,7.315,262.4112,17.323,3.1110721213518167,0.001,0
2025-03-24T11:01:04Z,2.654,11.0705,2.1652,4.8859,30.212998,41.874,12.7521,115.812,7.32,262.5434,17.323,3.1052264457097403,0.003,0
2025-03-24T11:01:04Z,2.654,11.0713,2.1788,4.9104,30.17135,41.815,12.7503,115.806,7.323,262.7291,17.318,3.1005033877603005,0.007,0
2025-03-24T11:01:04Z,2.654,11.0722,2.1867,4.8938,30.142191,41.775,12.7469,115.807,7.326,262.7634,17.318,3.097271844719342,0.012,0
2025-03-24T11:01:04Z,2.656,11.0731,2.1775,4.8898,30.114166,41.736,12.7475,115.844,7.329,262.6997,17.265,3.094119590790884,0.016,0
2025-03-24T11:01:04Z,2.662,11.0737,2.1596,4.8958,30.086243,41.697,12.7479,115.895,7.334,262.6476,17.095,3.090992494475238,0.019,0
2025-03-24T11:01:04Z,2.673,11.0742,2.1534,4.8634,30.058316,41.658,12.7471,115.938,7.338,262.5632,16.936,3.0878736373815547,0.019,0
2025-03-24T11:01:04Z,2.681,11.0745,2.1444,4.8399,30.030244,41.619,12.7441,115.974,7.341,262.5394,16.905,3.0847719617270886,0.018,0
2025-03-24T11:01:04Z,2.684,11.0747,2.1172,4.8505,30.000556,41.578,12.7508,116.014,7.344,262.6181,16.908,3.081521503614428,0.018,0
2025-03-24T11:01:04Z,2.685,11.0749,2.099,4.8894,29.953091,41.512,12.757,116.055,7.346,262.9122,16.906,3.0762998480590453,0.019,0
2025-03-24T11:01:04Z,2.685,11.0751,2.1065,4.969,29.900389,41.44,12.7611,116.083,7.346,263.1703,16.903,3.070605756771221,0.022,0
2025-03-24T11:01:04Z,2.688,11.075,2.1094,5.0279,29.870801,41.4,12.7652,116.109,7.347,262.8142,16.83,3.0674601767084235,0.025,0
2025-03-24T11:01:04Z,2.698,11.0748,2.0922,4.9869,29.849076,41.37,12.7689,116.166,7.349,262.3066,16.626,3.065111137312806,0.029,0
2025-03-24T11:01:04Z,2.713,11.0746,2.0656,4.9168,29.828019,41.341,12.7753,116.255,7.349,262.2801,16.437,3.062840491011588,0.034,0
2025-03-24T11:01:04Z,2.725,11.0741,2.0529,4.9314,29.806499,41.312,12.7775,116.351,7.349,262.4079,16.397,3.0605949392364535,0.04,0
2025-03-24T11:01:04Z,2.73,11.0738,2.1138,4.9929,29.779179,41.274,12.7788,116.451,7.349,262.6472,16.366,3.057624291151303,0.045,0
2025-03-24T11:01:04Z,2.735,11.0733,2.2029,5.0113,29.751426,41.236,12.785,116.563,7.35,262.9371,16.218,3.0546700123738093,0.047,0
2025-03-24T11:01:04Z,2.749,11.073,2.2231,4.9491,29.724663,41.2,12.7966,116.698,7.351,263.0731,15.99,3.0518565381571467,0.046,0
2025-03-24T11:01:04Z,2.768,11.0726,2.2072,4.855,29.709325,41.18,12.8073,116.869,7.352,263.0016,15.755,3.0503121790611374,0.044,0
2025-03-24T11:01:04Z,2.787,11.0719,2.1779,4.796,29.692844,41.158,12.8176,117.039,7.355,262.6756,15.597,3.048634889505123,0.041,0
2025-03-24T11:01:04Z,2.797,11.0713,2.1356,4.748,29.652258,41.102,12.8307,117.17,7.356,262.5721,15.569,3.04427040709535,0.036,0
2025-03-24T11:01:04Z,2.799,11.0708,2.12,4.6847,29.599194,41.029,12.8435,117.282,7.357,262.6975,15.56,3.0385589988853643,0.031,0
2025-03-24T11:01:04Z,2.8,11.0701,2.1224,4.6454,29.558712,40.974,12.8647,117.38,7.358,262.7287,15.54,3.034282729503272,0.026,0
2025-03-24T11:01:04Z,2.804,11.0693,2.1389,4.6828,29.543384,40.954,12.8869,117.457,7.359,262.8631,15.475,3.0327723660234747,0.024,0
2025-03-24T11:01:04Z,2.814,11.0686,2.1704,4.727,29.540725,40.951,12.8984,117.527,7.362,263.1179,15.325,3.032592759073675,0.024,0
2025-03-24T11:01:04Z,2.825,11.0677,2.1867,4.701,29.526568,40.932,12.9116,117.602,7.364,263.1417,15.24,3.0311686032370755,0.026,0
2025-03-24T11:01:04Z,2.83,11.0671,2.1854,4.6762,29.499068,40.894,12.923400000000001,117.672,7.366,262.9787,15.19,3.0282236788278376,0.028,0
2025-03-24T11:01:04Z,2.835,11.0664,2.1803,4.6671,29.461956,40.844,12.931,117.741,7.369,262.9542,15.1,3.0243416461483617,0.031,0
2025-03-24T11:01:04Z,2.842,11.0657,2.1673,4.7266,29.39501,40.752,12.9381,117.806,7.37,263.1041,15.029,3.0171512454650085,0.036,0
2025-03-24T11:01:04Z,2.848,11.0651,2.1356,4.8497,29.323942,40.654,12.9478,117.869,7.371,263.3283,14.967,3.009481526817077,0.044,0
2025-03-24T11:01:04Z,2.857,11.0644,2.1129,4.8912,29.300427,40.623,12.9553,117.97,7.374,263.6854,14.818,3.0070967496752097,0.054,0
2025-03-24T11:01:04Z,2.874,11.0637,2.1179,4.8875,29.300988,40.624,12.9621,118.107,7.378,264.0661,14.55,3.007231467213671,0.061,0
2025-03-24T11:01:04Z,2.896,11.063,2.2043,4.9073,29.267288,40.579,12.9723,118.216,7.38,264.146,14.281,3.0037435313358207,0.065,0
2025-03-24T11:01:04Z,2.919,11.062,2.3756,4.9603,29.210115,40.502,12.9745,118.252,7.382,264.0497,14.085,2.997760387480002,0.067,0
2025-03-24T11:01:04Z,2.938,11.0613,2.4656,4.9811,29.180598,40.462,12.9879,118.371,7.384,264.0198,13.937,2.994666775747239,0.067,0
2025-03-24T11:01:04Z,2.952,11.0605,2.4604,4.9193,29.164128,40.44,13.0039,118.666,7.385,263.9566,13.829,2.992998777019796,0.065,0
2025-03-24T11:01:04Z,2.963,11.0594,2.4719,4.9643,29.137836,40.405,13.0231,118.945,7.388,263.8011,13.709,2.9903316188557767,0.062,0
2025-03-24T11:01:04Z,2.978,11.0581,2.4952,5.1503,29.116425,40.378,13.0187,119.165,7.391,264.0333,13.527,2.9883102666606924,0.061,0
2025-03-24T11:01:04Z,2.996,11.0569,2.5002,5.2543,29.095533,40.351,13.0197,119.387,7.395,264.6992,13.319,2.9862805129226824,0.061,0
2025-03-24T11:01:04Z,3.014,11.0555,2.4917,5.2312,29.075526,40.325,13.0741,119.606,7.397,265.1413,13.146,2.9843456497582443,0.061,0
2025-03-24T11:01:04Z,3.03,11.054,2.559,5.1448,29.064816,40.313,13.1001,119.811,7.399,265.2487,13.01,2.983520997066913,0.06,0
2025-03-24T11:01:04Z,3.045,11.0525,2.723,5.0643,29.029468,40.266,13.1216,119.982,7.402,265.1374,12.876,2.979941047871297,0.057,0
2025-03-24T11:01:04Z,3.059,11.0507,2.8269,5.0083,28.965289,40.18,13.1494,120.106,7.405,264.914,12.751,2.973315436969663,0.053,0
2025-03-24T11:01:04Z,3.072,11.0486,2.8327,4.98,28.923136,40.125,13.1725,120.217,7.408,265.1284,12.641,2.9691541991886914,0.05,0
2025-03-24T11:01:04Z,3.083,11.0465,2.7522,5.0304,28.900374,40.096,13.1977,120.367,7.411,265.8365,12.539,2.967039409243808,0.048,0
2025-03-24T11:01:04Z,3.094,11.0444,2.6017,5.1391,28.880369,40.071,13.2174,120.512,7.413,266.2494,12.44,2.965239377216918,0.047,0
2025-03-24T11:01:04Z,3.106,11.0419,2.5282,5.2354,28.871541,40.062,13.232,120.615,7.416,266.2486,12.328,2.964730403783089,0.046,0
2025-03-24T11:01:04Z,3.119,11.0394,2.5369,5.2389,28.857064,40.046,13.2386,120.709,7.42,266.2571,12.205,2.963670407723934,0.043,0
2025-03-24T11:01:04Z,3.132,11.0364,2.5239,5.1808,28.832182,40.015,13.2618,120.809,7.422,266.2654,12.098,2.9614694238650556,0.041,0
2025-03-24T11:01:04Z,3.142,11.0336,2.4796,5.1136,28.824408,40.008,13.2798,120.907,7.424,266.3491,12.027,2.9611416464771345,0.038,0
2025-03-24T11:01:04Z,3.15,11.0306,2.4512,5.0751,28.826504,40.014,13.2894,120.995,7.427,266.582,11.966,2.961853523372292,0.036,0
2025-03-24T11:01:04Z,3.157,11.0275,2.4639,5.1251,28.794088,39.973,13.3002,121.074,7.429,266.8439,11.91,2.958872999516861,0.035,0
2025-03-24T11:01:04Z,3.164,11.0244,2.4751,5.1718,28.749616,39.916,13.3132,121.162,7.431,267.0212,11.858,2.9546325322272353,0.037,0
2025-03-24T11:01:04Z,3.172,11.021,2.4785,5.1623,28.732798,39.896,13.3251,121.262,7.432,267.0042,11.765,2.9533287572153206,0.042,0
2025-03-24T11:01:04Z,3.182,11.0174,2.5129,5.1801,28.717594,39.88,13.3361,121.361,7.435,266.9822,11.641,2.9523554957632165,0.049,0
2025-03-24T11:01:04Z,3.196,11.0138,2.5496,5.2165,28.692646,39.85,13.345,121.463,7.437,267.1852,11.519,2.9502795317128063,0.056,0
2025-03-24T11:01:04Z,3.213,11.0099,2.5556,5.2267,28.684867,39.844,13.3551,121.591,7.438,267.3941,11.393,2.9501169524567197,0.062,0
2025-03-24T11:01:04Z,3.231,11.006,2.5191,5.1327,28.686963,39.853,13.369,121.744,7.439,267.5296,11.247,2.951135482588291,0.064,0
2025-03-24T11:01:04Z,3.25,11.0021,2.4415,4.9686,28.654558,39.813,13.3804,121.893,7.441,267.7907,11.079,2.9482949211680505,0.064,0
2025-03-24T11:01:04Z,3.269,10.998,2.3999,4.916,28.610204,39.756,13.3921,122.027,7.443,268.1417,10.937,2.944131024805168,0.059,0
2025-03-24T11:01:04Z,3.285,10.9936,2.4152,4.9406,28.59468,39.74,13.4069,122.16,7.446,268.5911,10.842,2.9432198028260115,0.053,0
2025-03-24T11:01:04Z,3.297,10.9888,2.4182,4.9922,28.593722,39.745,13.4278,122.322,7.449,268.8361,10.762,2.943994706423609,0.045,0
2025-03-24T11:01:04Z,3.305,10.9838,2.4035,5.0971,28.598612,39.757,13.4456,122.504,7.45,268.3505,10.697,2.9453373986466316,0.038,0
2025-03-24T11:01:04Z,3.311,10.9789,2.3949,5.1834,28.590371,39.751,13.4619,122.673,7.452,267.6235,10.647,2.9452541435038646,0.034,0
2025-03-24T11:01:04Z,3.318,10.9741,2.3974,5.2156,28.557501,39.711,13.4758,122.799,7.453,267.6178,10.61,2.9424834724962943,0.035,0
2025-03-24T11:01:04Z,3.325,10.9692,2.4173,5.1454,28.518329,39.662,13.4956,122.876,7.453,268.1093,10.568,2.939010990384731,0.039,0
2025-03-24T11:01:04Z,3.333,10.9642,2.444,4.983,28.497313,39.637,13.5198,122.961,7.455,268.4042,10.471,2.937437364489286,0.044,0
2025-03-24T11:01:04Z,3.346,10.9592,2.4705,4.927,28.493686,39.637,13.5395,123.064,7.459,268.6883,10.324,2.9378336987539218,0.046,0
2025-03-24T11:01:04Z,3.365,10.9543,2.4881,5.0146,28.474475,39.614,13.558,123.147,7.462,269.0498,10.21,2.936408517871341,0.045,0
2025-03-24T11:01:04Z,3.382,10.9496,2.4822,5.0181,28.455317,39.592,13.5625,123.224,7.463,268.7303,10.162,2.9350461278538513,0.043,0
2025-03-24T11:01:04Z,3.391,10.9452,2.5077,4.8996,28.452328,39.592,13.573,123.301,7.464,267.9224,10.125,2.9353948602940925,0.041,0
2025-03-24T11:01:04Z,3.395,10.9409,2.5801,4.8458,28.438331,39.577,13.5903,123.361,7.465,267.7135,10.088,2.934553044837536,0.038,0
2025-03-24T11:01:04Z,3.4,10.9369,2.625,4.9146,28.412936,39.545,13.5973,123.43,7.467,267.9246,10.048,2.932346678345024,0.034,0
2025-03-24T11:01:04Z,3.409,10.9331,2.6426,5.0138,28.398981,39.53,13.6074,123.526,7.468,268.2377,9.962,2.9314645585823755,0.032,0
2025-03-24T11:01:04Z,3.422,10.9292,2.5928,5.0207,28.396466,39.531,13.6191,123.623,7.471,268.7472,9.8726,2.931851766150919,0.032,0
2025-03-24T11:01:04Z,3.433,10.9253,2.472,4.9295,28.382513,39.516,13.6248,123.703,7.472,268.8363,9.8316,2.930977166610998,0.034,0
2025-03-24T11:01:04Z,3.439,10.9217,2.4052,4.8672,28.35713,39.486,13.632,123.778,7.472,268.3681,9.8076,2.9288958170441255,0.038,0
2025-03-24T11:01:04Z,3.444,10.918,2.4013,4.9176,28.34328,39.471,13.6463,123.856,7.472,267.9902,9.7653,2.92800537117059,0.042,0
2025-03-24T11:01:04Z,3.452,10.914,2.4006,4.9579,28.341908,39.473,13.6589,123.951,7.472,267.9671,9.6681,2.928479567682956,0.045,0
2025-03-24T11:01:04Z,3.467,10.9102,2.3794,4.8757,28.340535,39.476,13.6677,124.075,7.473,268.2603,9.5236,2.9290164339291995,0.049,0
2025-03-24T11:01:04Z,3.485,10.906,2.3536,4.8461,28.326676,39.462,13.6775,124.206,7.473,268.6962,9.4175,2.92824332993048,0.055,0
2025-03-24T11:01:04Z,3.5,10.9016,2.3549,4.9416,28.30119,39.431,13.6874,124.322,7.475,268.9355,9.3333,2.926144855580554,0.06,0
2025-03-24T11:01:04Z,3.513,10.8973,2.4036,5.0061,28.286093,39.415,13.6975,124.446,7.477,269.003,9.2233,2.925221909181627,0.062,0
2025-03-24T11:01:04Z,3.529,10.8929,2.4766,4.9756,28.270995,39.4,13.7143,124.614,7.477,269.0828,9.1163,2.924385345632742,0.061,0
2025-03-24T11:01:04Z,3.547,10.8883,2.5133,4.9152,28.24549,39.369,13.7319,124.848,7.477,269.1259,9.0045,2.9223014594990846,0.06,0
2025-03-24T11:01:04Z,3.563,10.8839,2.5139,4.9256,28.231428,39.354,13.7441,125.05,7.479,269.0937,8.8921,2.92146432962913,0.059,0
2025-03-24T11:01:04Z,3.578,10.8793,2.4751,4.9983,28.227818,39.354,13.7586,124.925,7.481,269.0368,8.8008,2.921827326888335,0.059,0
2025-03-24T11:01:04Z,3.591,10.8748,2.3943,5.0087,28.201846,39.323,13.7761,124.045,7.481,269.041,8.7124,2.9197347986380047,0.059,0
2025-03-24T11:01:04Z,3.605,10.8702,2.3361,4.9478,28.171109,39.284,13.8063,122.052,7.481,269.5746,8.6253,2.9170181067132908,0.061,0
2025-03-24T11:01:04Z,3.618,10.8656,2.3296,4.912,28.17331,39.292,13.8424,118.947,7.482,270.4977,8.5388,2.918012478516298,0.063,0
2025-03-24T11:01:04Z,3.634,10.8613,2.3398,4.9166,28.165027,39.286,13.8471,115.048,7.483,270.8241,8.414,2.917877545718826,0.066,0
2025-03-24T11:01:04Z,3.655,10.8569,2.3353,4.9361,28.134385,39.248,13.7694,110.673,7.484,270.6822,8.2617,2.915222475261398,0.068,0
2025-03-24T11:01:04Z,3.676,10.8527,2.3173,4.9431,28.119957,39.232,13.5504,106.193,7.485,270.3305,8.1322,2.914289059492233,0.069,0
2025-03-24T11:01:04Z,3.692,10.8482,2.2955,4.9323,28.117434,39.233,13.1895,102.192,7.486,269.8416,8.0265,2.9147224169710872,0.068,0
2025-03-24T11:01:04Z,3.708,10.8436,2.2889,4.9753,28.103878,39.219,12.7501,99.292,7.487,269.7607,7.924,2.9139786007129027,0.066,0
2025-03-24T11:01:04Z,3.726,10.8395,2.3289,5.1223,28.082901,39.194,12.2552,97.757,7.487,270.4717,7.8316,2.912325960286918,0.062,0
2025-03-24T11:01:04Z,3.741,10.8354,2.3882,5.2406,28.054084,39.158,11.7366,97.364,7.488,271.5546,7.7653,2.90980382459851,0.06,0
2025-03-24T11:01:04Z,3.755,10.8312,2.4061,5.2099,28.009159,39.1,11.2659,97.633,7.489,271.9271,7.6968,2.905551141025725,0.057,0
2025-03-24T11:01:04Z,3.77,10.8273,2.3954,5.1617,27.983702,39.069,10.9335,98.021,7.49,271.7912,7.6112,2.9034077235511586,0.054,0
2025-03-24T11:01:04Z,3.785,10.8232,2.3838,5.1355,27.999989,39.096,10.7786,98.182,7.492,271.5463,7.5267,2.905863054297722,0.051,0
2025-03-24T11:01:04Z,3.798,10.8189,2.3661,5.03,28.015794,39.123,10.7531,97.975,7.492,271.1179,7.4357,2.9083350905961676,0.05,0
2025-03-24T11:01:04Z,3.808,10.8148,2.3646,4.9114,27.984523,39.083,10.81,97.337,7.492,271.5159,7.3577,2.9054956341109923,0.051,0
2025-03-24T11:01:04Z,3.818,10.8107,2.3652,4.862,27.939021,39.024,10.8668,96.455,7.493,272.8312,7.2977,2.901153824790432,0.052,0
2025-03-24T11:01:04Z,3.83,10.8066,2.3573,4.9455,27.909618,38.988,10.887,95.729,7.495,273.5982,7.2187,2.8986296785850065,0.055,0
2025-03-24T11:01:04Z,3.845,10.8025,2.3687,5.1353,27.882719,38.955,10.8722,95.355,7.495,273.7345,7.1168,2.896342099102701,0.059,0
2025-03-24T11:01:04Z,3.862,10.798400000000001,2.3705,5.2095,27.867503,38.938,10.7954,95.221,7.495,273.8763,6.9947,2.895318967300035,0.063,0
2025-03-24T11:01:04Z,3.881,10.7943,2.3538,5.1594,27.852489,38.922,10.6771,95.161,7.496,273.6785,6.8768,2.8943745738368407,0.065,0
2025-03-24T11:01:04Z,3.899,10.7899,2.3412,5.179,27.828033,38.893,10.589,95.041,7.497,273.3219,6.7848,2.8924257999101517,0.065,0
2025-03-24T11:01:04Z,3.916,10.7858,2.3267,5.2417,27.825507,38.894,10.5576,94.71,7.497,273.5218,6.698,2.8928255885175713,0.064,0
2025-03-24T11:01:04Z,3.932,10.7816,2.3112,5.2337,27.821942,38.894,10.5504,94.132,7.497,274.1172,6.6242,2.893153941560282,0.062,0
2025-03-24T11:01:04Z,3.946,10.7771,2.3036,5.1853,27.784925,38.848,10.548,93.41,7.498,274.6701,6.5546,2.8898678676878813,0.059,0
2025-03-24T11:01:04Z,3.96,10.7728,2.2927,5.1343,27.758495,38.817,10.544,92.622,7.5,274.9582,6.4646,2.8877521187950874,0.057,0
2025-03-24T11:01:04Z,3.975,10.7683,2.2714,5.1303,27.756083,38.819,10.5112,91.845,7.501,274.9338,6.3886,2.8882617453894586,0.054,0
2025-03-24T11:01:04Z,3.99,10.7634,2.2546,5.1709,27.75575,38.824,10.4401,91.157,7.502,274.8916,6.3326,2.8890403255336,0.053,0
2025-03-24T11:01:04Z,4.002,10.7585,2.2395,5.1805,27.754471,38.828,10.3602,90.576,7.503,274.9632,6.2636,2.889740057134104,0.053,0
2025-03-24T11:01:04Z,4.014,10.7535,2.229,5.1435,27.740621,38.816,10.2713,90.15,7.504,274.6816,6.1897,2.8891815829334218,0.052,0
2025-03-24T11:01:04Z,4.027,10.7483,2.2528,5.1345,27.715126,38.787,10.1811,90.028,7.505,274.1536,6.1244,2.8872931582457526,0.05,0
2025-03-24T11:01:04Z,4.041,10.7428,2.2948,5.2079,27.699915,38.773,10.1075,90.277,7.506,274.1726,6.0718,2.886614973770716,0.05,0
2025-03-24T11:01:04Z,4.055,10.7372,2.3126,5.2112,27.68356,38.757,10.0439,90.752,7.508,274.7382,6.0318,2.8857860924735825,0.049,0
2025-03-24T11:01:04Z,4.067,10.7314,2.3014,5.1403,27.644222,38.709,9.9898,91.291,7.508,275.4003,5.9786,2.882439302737868,0.048,0
2025-03-24T11:01:04Z,4.078,10.7251,2.2672,5.1705,27.604832,38.662,9.9721,91.776,7.509,275.6398,5.9128,2.879210008209124,0.047,0
2025-03-24T11:01:04Z,4.09,10.7185,2.2241,5.2343,27.587847,38.646,10.0115,92.126,7.511,274.7934,5.8698,2.8784579612036723,0.044,0
2025-03-24T11:01:04Z,4.102,10.7118,2.196,5.2293,27.565717,38.623,10.0716,92.369,7.511,273.3403,5.8347,2.877159163492194,0.042,0
2025-03-24T11:01:04Z,4.113,10.7051,2.1763,5.1787,27.527527,38.578,10.1364,92.577,7.511,272.8694,5.7833,2.8741173284449437,0.041,0
2025-03-24T11:01:04Z,4.123,10.6981,2.1193,5.1682,27.506645,38.557,10.1974,92.729,7.512,273.7459,5.7438,2.8729991678999265,0.039,0
2025-03-24T11:01:04Z,4.131,10.6909,2.0408,5.2734,27.503499,38.561,10.2358,92.753,7.513,274.9903,5.7061,2.873877249652243,0.036,0
2025-03-24T11:01:04Z,4.14,10.6832,2.0083,5.3911,27.489489,38.55,10.2596,92.663,7.514,275.6115,5.665,2.8736057124867695,0.031,0
2025-03-24T11:01:04Z,4.149,10.6753,2.0019,5.3971,27.464093,38.523,10.286,92.536,7.516,275.5777,5.6423,2.872081458930699,0.027,0
2025-03-24T11:01:04Z,4.155,10.6675,1.9881,5.277,27.450139,38.513,10.3105,92.487,7.517,274.7536,5.6166,2.871896644294848,0.024,0
2025-03-24T11:01:04Z,4.16,10.6598,1.9751,5.1688,27.447613,38.518,10.3123,92.584,7.518,273.3912,5.5981,2.872893330946207,0.021,0
2025-03-24T11:01:04Z,4.163,10.6518,1.9775,5.1808,27.433547,38.508,10.3026,92.797,7.519,272.9573,5.5964,2.8727243417810153,0.018,0
2025-03-24T11:01:04Z,4.166,10.6437,1.9999,5.1838,27.406909,38.48,10.2843,93.05,7.519,273.294,5.5813,2.8711351955311786,0.016,0
2025-03-24T11:01:04Z,4.171,10.6354,2.0049,5.1367,27.379232,38.45,10.2773,93.24,7.519,273.9338,5.567,2.8694020331933587,0.016,0
2025-03-24T11:01:04Z,4.175,10.6267,2.0049,5.1574,27.352595,38.423,10.2929,93.362,7.52,274.7563,5.5577,2.867937685862842,0.017,0
2025-03-24T11:01:04Z,4.179,10.6179,2.0329,5.2293,27.338538,38.413,10.3206,93.576,7.521,274.4632,5.5262,2.867829735283549,0.02,0
2025-03-24T11:01:04Z,4.184,10.6093,2.0602,5.2548,27.336116,38.419,10.3565,93.985,7.52,273.3154,5.5077,2.8689759076022354,0.026,0
2025-03-24T11:01:04Z,4.188,10.6006,2.0603,5.2265,27.323307,38.411,10.3816,94.451,7.52,272.9236,5.4987,2.869018961371509,0.031,0
2025-03-24T11:01:04Z,4.193,10.5919,2.0264,5.1608,27.310507,38.403,10.3886,94.845,7.519,273.0811,5.4262,2.8690622030238284,0.037,0
2025-03-24T11:01:04Z,4.208,10.5831,1.9997,5.1437,27.308189,38.409,10.4065,95.24,7.518,273.1554,5.3299,2.8702244170309927,0.044,0
2025-03-24T11:01:04Z,4.226,10.5737,2.0123,5.2252,27.295276,38.402,10.4642,95.711,7.518,273.5638,5.2781,2.8704008487658728,0.051,0
2025-03-24T11:01:04Z,4.237,10.5646,2.0118,5.2578,27.281219,38.392,10.5264,96.148,7.517,274.1467,5.2321,2.8703162803786375,0.059,0
2025-03-24T11:01:04Z,4.249,10.5556,1.9856,5.2298,27.265074,38.379,10.5658,96.337,7.516,274.1806,5.1611,2.8699850175517105,0.065,0
2025-03-24T11:01:04Z,4.268,10.5463,1.9706,5.2628,27.226904,38.336,10.6071,96.134,7.516,273.8016,5.0912,2.8672911368989746,0.071,0
2025-03-24T11:01:04Z,4.288,10.537,1.9798,5.3497,27.200258,38.31,10.6675,95.575,7.515,273.6087,5.0227,2.8659481980789465,0.078,0
2025-03-24T11:01:04Z,4.308,10.5275,2.0053,5.4253,27.196579,38.315,10.7291,94.882,7.515,273.6546,4.9182,2.8670859983370343,0.084,0
2025-03-24T11:01:04Z,4.331,10.518,1.9956,5.4939,27.182416,38.306,10.7588,94.332,7.516,273.6686,4.7897,2.8671102472976835,0.085,0
2025-03-24T11:01:04Z,4.356,10.5079,1.9544,5.6323,27.155859,38.279,10.7374,94.069,7.518,273.6909,4.6648,2.8657487429451445,0.082,0
2025-03-24T11:01:04Z,4.381,10.498,1.9485,5.7665,27.129178,38.252,10.6681,94.039,7.518,273.8385,4.5544,2.8643707055281458,0.074,0
2025-03-24T11:01:04Z,4.401,10.4882,1.9655,5.7851,27.113505,38.241,10.5797,94.112,7.518,274.5072,4.4913,2.8642583355474294,0.064,0
2025-03-24T11:01:04Z,4.415,10.4782,1.9771,5.7201,27.093197,38.224,10.5149,94.224,7.519,275.4952,4.4574,2.863684131383488,0.052,0
2025-03-24T11:01:04Z,4.424,10.4683,1.9888,5.6306,27.073897,38.208,10.4915,94.443,7.519,275.8038,4.4273,2.8631814381969636,0.044,0
2025-03-24T11:01:04Z,4.431,10.4583,1.9988,5.6242,27.070422,38.215,10.497,94.818,7.518,275.571,4.4159,2.864518957177187,0.044,0
2025-03-24T11:01:04Z,4.434,10.4481,2.0063,5.7116,27.051165,38.199,10.5114,95.249,7.515,275.2618,4.4132,2.864039886820785,0.051,0
2025-03-24T11:01:04Z,4.439,10.4375,1.9966,5.7307,27.031324,38.183,10.5218,95.574,7.511,275.1633,4.374,2.863591854701769,0.057,0
2025-03-24T11:01:04Z,4.458,10.4266,1.8898,5.6155,27.020787,38.18,10.5447,95.705,7.508,276.2727,4.2611,2.864202771088134,0.059,0
2025-03-24T11:01:04Z,4.493,10.416,1.6965,5.48,26.98718,38.144,10.5953,95.628,7.504,278.2646,4.1471,2.8621570032638544,0.057,0
2025-03-24T11:01:04Z,4.518,10.4053,1.591,5.4597,26.942098,38.093,10.6535,95.355,7.502,278.9425,4.1208,2.8589219365498826,0.052,0
2025-03-24T11:01:04Z,4.524,10.3946,1.5961,5.5071,26.919671,38.073,10.6964,95.051,7.502,278.4452,4.126,2.8581605315745113,0.041,0
2025-03-24T11:01:04Z,4.525,10.3839,1.6005,5.4374,26.906285,38.066,10.7121,94.95,7.502,278.1889,4.1121,2.858436083057465,0.026,0
2025-03-24T11:01:04Z,4.526,10.3725,1.5857,5.2662,26.907085,38.079,10.7087,95.082,7.502,277.7361,4.1041,2.8603630057378275,0.011,0
2025-03-24T11:01:04Z,4.526,10.3611,1.5842,5.2131,26.929333,38.122,10.6749,95.333,7.502,277.1868,4.1064,2.8646877094782224,0.003,0
2025-03-24T11:01:04Z,4.526,10.3501,1.5986,5.2741,26.921575,38.123,10.6281,95.558,7.503,277.9996,4.1151,2.865627724504871,0.001,0
2025-03-24T11:01:04Z,4.526,10.3389,1.6342,5.252,26.876697,38.071,10.6224,95.643,7.504,279.7349,4.1259,2.8623479808443877,0,0
2025-03-24T11:01:04Z,4.526,10.3279,1.6825,5.1505,26.830684,38.018,10.6441,95.627,7.505,280.3579,4.1354,2.858971005544644,4.0981e-7,0
2025-03-24T11:01:04Z,4.526,10.3171,1.7005,5.1405,26.809195,37.999,10.681,95.655,7.506,280.1974,4.1427,2.8582950238781093,0,0
2025-03-24T11:01:04Z,4.526,10.3062,1.7011,5.233,26.807134,38.007,10.7153,95.794,7.506,280.2032,4.1357,2.859785929492862,0,0
2025-03-24T11:01:04Z,4.526,10.2951,1.7148,5.2447,26.805751,38.017,10.7254,95.964,7.507,279.7405,4.1265,2.861453333928078,0.001,0
2025-03-24T11:01:04Z,4.526,10.284,1.7333,5.1442,26.79247,38.009,10.719,96.108,7.509,278.904,4.1234,2.861681013867062,0.001,0
2025-03-24T11:01:04Z,4.527,10.2735,1.7497,5.0774,26.77339,37.993,10.7199,96.255,7.511,279.3823,4.1164,2.861221445734065,0.001,0
2025-03-24T11:01:04Z,4.527,10.263,1.7629,5.1547,26.765318,37.993,10.7456,96.46,7.512,281.049,4.1171,2.8620426805691066,0.001,0
2025-03-24T11:01:04Z,4.528,10.2526,1.7681,5.2928,26.758285,37.995,10.7687,96.696,7.512,281.934,4.1256,2.863016710336193,0.001,0
2025-03-24T11:01:04Z,4.528,10.2423,1.7633,5.2791,26.751776,37.997,10.7861,96.836,7.512,281.9093,4.1302,2.8639833781382356,0.002,0
2025-03-24T11:01:04Z,4.528,10.2319,1.7552,5.1597,26.750036,38.006,10.8018,96.766,7.513,281.6107,4.1206,2.8655193501806844,0.005,0
2025-03-24T11:01:04Z,4.528,10.2212,1.7608,5.1475,26.737237,37.999,10.8276,96.534,7.513,281.3355,4.1064,2.865796964705006,0.015,0
2025-03-24T11:01:04Z,4.529,10.2103,1.7728,5.2335,26.723862,37.991,10.8644,96.367,7.508,281.4207,4.1084,2.8660100629247043,0.042,0
2025-03-24T11:01:04Z,4.53,10.2,1.7585,5.3111,26.715152,37.991,10.8873,96.438,7.494,281.7808,4.1166,2.8668178789220358,0.084,0
2025-03-24T11:01:04Z,4.538,10.1896,1.7212,5.3684,26.695338,37.974,10.8827,96.715,7.477,282.4196,4.0601,2.8662700276329685,0.134,0
2025-03-24T11:01:04Z,4.573,10.179,1.6882,5.4146,26.674559,37.956,10.8459,97.053,7.463,283.208,3.8561,2.8656561558171427,0.182,0
2025-03-24T11:01:04Z,4.645,10.1684,1.6753,5.4596,26.654169,37.938,10.8215,97.301,7.453,283.7416,3.5663,2.8650392412352583,0.213,0
2025-03-24T11:01:04Z,4.735,10.1577,1.6411,5.5361,26.639067,37.928,10.8359,97.445,7.448,284.054,3.3156,2.8650714681190896,0.222,0
2025-03-24T11:01:04Z,4.818,10.1469,1.5654,5.6224,26.618801,37.91,10.8755,97.622,7.444,284.3171,3.1292,2.86446970014501,0.209,0
2025-03-24T11:01:04Z,4.878,10.136,1.5178,5.6491,26.599392,37.894,10.9238,97.877,7.441,283.8253,3.0232,2.864036759023596,0.175,0
2025-03-24T11:01:04Z,4.906,10.1256,1.5152,5.6544,26.594666,37.898,10.9563,98.062,7.438,282.7533,3.0109,2.8651733602888307,0.129,0
2025-03-24T11:01:04Z,4.911,10.1152,1.5171,5.6178,26.561644,37.862,10.9659,98.023,7.438,282.4549,3.0049,2.86309663288367,0.083,0
2025-03-24T11:01:04Z,4.918,10.105,1.4912,5.4796,26.517234,37.809,10.9848,97.718,7.439,282.6266,2.9555,2.859635799453111,0.052,0
2025-03-24T11:01:04Z,4.928,10.0947,1.4601,5.3845,26.50166,37.798,11.0259,97.16,7.44,283.1086,2.9217,2.8595578648345072,0.037,0
2025-03-24T11:01:04Z,4.933,10.0842,1.4651,5.4249,26.500183,37.806,11.0561,96.39,7.441,284.067,2.9172,2.861024627966393,0.033,0
2025-03-24T11:01:04Z,4.937,10.074,1.4776,5.4549,26.499358,37.815,11.055,95.472,7.442,284.578,2.8864,2.8625492488459745,0.033,0
2025-03-24T11:01:04Z,4.95,10.0642,1.4776,5.4397,26.491685,37.815,11.0223,94.54,7.445,283.6094,2.8237,2.8633180327450005,0.031,0
2025-03-24T11:01:04Z,4.965,10.0545,1.4731,5.4457,26.470822,37.796,10.961,93.871,7.448,281.6471,2.8036,2.8625494619390075,0.027,0
2025-03-24T11:01:04Z,4.972,10.0447,1.4644,5.426,26.437372,37.759,10.8732,93.684,7.448,280.9853,2.8307,2.8603398077725317,0.023,0
2025-03-24T11:01:04Z,4.973,10.0352,1.4814,5.4403,26.404342,37.722,10.77,93.908,7.449,281.7171,2.8281,2.858105839265235,0.022,0
2025-03-24T11:01:04Z,4.975,10.0256,1.5201,5.4813,26.388565,37.71,10.6537,94.344,7.45,282.4067,2.8066,2.857892132578835,0.03,0
2025-03-24T11:01:04Z,4.976,10.0156,1.5324,5.4446,26.37346,37.698,10.5672,94.797,7.447,283.3866,2.8073,2.857709727789452,0.052,0
2025-03-24T11:01:04Z,4.979,10.0055,1.5313,5.4062,26.348543,37.673,10.5566,95.139,7.437,284.3591,2.7932,2.856487447521528,0.078,0
2025-03-24T11:01:04Z,4.994,9.996,1.5317,5.3931,26.340975,37.673,10.5915,95.409,7.425,283.5818,2.7034,2.8572325319059404,0.097,0
2025-03-24T11:01:04Z,5.039,9.9865,1.4949,5.3881,26.345369,37.69,10.6512,95.695,7.416,281.9033,2.5376,2.8593467279244407,0.11,0
2025-03-24T11:01:04Z,5.102,9.9768,1.4368,5.4144,26.33823,37.691,10.7125,95.964,7.411,281.4453,2.4155,2.860185455495548,0.125,0
2025-03-24T11:01:04Z,5.138,9.967,1.4109,5.4038,26.318083,37.673,10.7497,96.143,7.406,281.7442,2.402,2.8595017490614403,0.137,0
2025-03-24T11:01:04Z,5.144,9.9576,1.4152,5.3961,26.292033,37.646,10.7766,96.264,7.403,281.9032,2.3857,2.858062462703421,0.132,0
2025-03-24T11:01:04Z,5.164,9.9478,1.4137,5.4584,26.276937,37.634,10.814,96.401,7.402,282.3348,2.2765,2.8578632671053867,0.112,0
2025-03-24T11:01:04Z,5.217,9.9374,1.3851,5.5073,26.262401,37.624,10.8529,96.654,7.401,283.0915,2.1477,2.8578696280947904,0.091,0
2025-03-24T11:01:04Z,5.26,9.9273,1.3518,5.4751,26.243103,37.607,10.872,97.078,7.399,283.2229,2.1173,2.857287909863675,0.076,0
2025-03-24T11:01:04Z,5.269,9.9178,1.3433,5.411,26.233866,37.605,10.8857,97.561,7.399,282.6325,2.1384,2.8578731388783467,0.066,0
2025-03-24T11:01:04Z,5.264,9.9085,1.383,5.4153,26.214133,37.587,10.9002,97.959,7.399,282.1483,2.1274,2.8571503992816063,0.056,0
2025-03-24T11:01:04Z,5.266,9.8987,1.4565,5.4591,26.194769,37.569,10.9251,98.209,7.397,282.1007,2.1144,2.8564655349564103,0.05,0
2025-03-24T11:01:04Z,5.272,9.889,1.4837,5.4273,26.190003,37.572,10.9835,98.263,7.394,282.315,2.0949,2.8574703308924683,0.052,0
2025-03-24T11:01:04Z,5.288,9.8792,1.4612,5.3733,26.156499,37.535,11.0477,98.11,7.392,282.4158,2.0237,2.8552489461593638,0.059,0
2025-03-24T11:01:04Z,5.322,9.8692,1.4593,5.421,26.106778,37.475,11.0955,97.86,7.392,282.4594,1.9433,2.8511807453189038,0.064,0
2025-03-24T11:01:04Z,5.352,9.8595,1.4788,5.4919,26.09619,37.471,11.1294,97.696,7.393,283.1861,1.9263,2.851616703372226,0.065,0
2025-03-24T11:01:04Z,5.362,9.8501,1.4799,5.4784,26.091893,37.476,11.1395,97.719,7.394,284.2337,1.9428,2.8527591747554766,0.063,0
2025-03-24T11:01:04Z,5.364,9.8403,1.4724,5.4282,26.054814,37.434,11.1198,97.902,7.394,284.4564,1.9174,2.8501304154920133,0.056,0
2025-03-24T11:01:04Z,5.374,9.8303,1.5213,5.4322,26.02839,37.409,11.0853,98.24,7.394,283.9003,1.8576,2.8488912938159467,0.045,0
2025-03-24T11:01:04Z,5.391,9.82,1.6135,5.4918,26.026081,37.418,11.0645,98.816,7.394,283.1876,1.8208,2.850427401468664,0.037,0
2025-03-24T11:01:04Z,5.406,9.8091,1.6547,5.5008,26.026893,37.433,11.0729,99.579,7.394,282.9809,1.8107,2.8524973394802884,0.034,0
2025-03-24T11:01:04Z,5.415,9.7978,1.6539,5.438,26.038194,37.463,11.0993,100.287,7.395,284.241,1.8075,2.8558156036569566,0.033,0
2025-03-24T11:01:04Z,5.417,9.7864,1.6536,5.3815,26.035877,37.474,11.1322,100.679,7.396,286.3772,1.8034,2.85760452082852,0.034,0
2025-03-24T11:01:04Z,5.417,9.7748,1.6503,5.4322,25.998864,37.435,11.2027,100.654,7.397,287.386,1.8066,2.85535652403579,0.036,0
2025-03-24T11:01:04Z,5.422,9.7628,1.6563,5.607,25.97118,37.41,11.3051,100.349,7.397,287.4049,1.8024,2.8542738794176077,0.039,0
2025-03-24T11:01:04Z,5.436,9.7501,1.6584,5.6853,25.954827,37.402,11.3991,99.922,7.397,286.9491,1.7603,2.854624135370029,0.045,0
2025-03-24T11:01:04Z,5.459,9.7365,1.6429,5.5933,25.927974,37.379,11.455,99.419,7.398,286.0913,1.7224,2.8538272827357134,0.054,0
2025-03-24T11:01:04Z,5.476,9.7226,1.6434,5.5184,25.900177,37.355,11.4451,98.828,7.399,285.809,1.717,2.8529727860044556,0.062,0
2025-03-24T11:01:04Z,5.484,9.709,1.6645,5.4971,25.872406,37.331,11.4078,98.207,7.401,286.8065,1.6963,2.852094889509803,0.065,0
2025-03-24T11:01:04Z,5.497,9.695,1.6739,5.473,25.845876,37.31,11.3622,97.798,7.402,288.5149,1.6472,2.8514908495111873,0.062,0
2025-03-24T11:01:04Z,5.522,9.6803,1.6655,5.4312,25.833068,37.309,11.3096,97.822,7.404,289.2568,1.6108,2.8525655911247694,0.059,0
2025-03-24T11:01:04Z,5.543,9.6653,1.6457,5.4363,25.84437,37.343,11.2481,98.286,7.406,289.0651,1.5977,2.856510170530841,0.06,0
2025-03-24T11:01:04Z,5.553,9.6501,1.6264,5.535,25.855677,37.377,11.1668,98.987,7.407,289.0369,1.5911,2.8604748698540656,0.064,0
2025-03-24T11:01:04Z,5.56,9.6342,1.6158,5.5305,25.842922,37.376,11.1152,99.726,7.409,288.8291,1.5699,2.861650325955566,0.067,0
2025-03-24T11:01:04Z,5.575,9.6175,1.6002,5.3828,25.816982,37.356,11.1211,100.465,7.412,288.36,1.5315,2.8613423700819456,0.069,0
2025-03-24T11:01:04Z,5.598,9.6016,1.6045,5.3201,25.795712,37.342,11.1889,101.199,7.415,288.3564,1.4959,2.8614588811073425,0.071,0
2025-03-24T11:01:04Z,5.623,9.5857,1.6598,5.3876,25.775997,37.332,11.2839,101.805,7.417,288.8715,1.4652,2.8619013526746104,0.074,0
2025-03-24T11:01:04Z,5.646,9.5696,1.7112,5.4807,25.768859,37.34,11.3708,102.102,7.418,289.598,1.4342,2.8638271181984267,0.074,0
2025-03-24T11:01:04Z,5.664,9.5535,1.7096,5.5245,25.772824,37.363,11.4583,102.064,7.419,289.9988,1.4061,2.8669778697344532,0.069,0
2025-03-24T11:01:04Z,5.679,9.5371,1.6902,5.5753,25.760498,37.363,11.5518,101.871,7.421,290.0174,1.3833,2.8682788212066503,0.06,0
2025-03-24T11:01:04Z,5.693,9.5202,1.6845,5.6853,25.746652,37.361,11.6356,101.709,7.424,289.9947,1.3703,2.8694570640898904,0.052,0
2025-03-24T11:01:04Z,5.705,9.5033,1.6743,5.7263,25.732237,37.359,11.6766,101.617,7.426,289.8962,1.3691,2.870636265613208,0.046,0
2025-03-24T11:01:04Z,5.713,9.487,1.6579,5.6954,25.71304,37.349,11.666,101.48,7.427,289.3434,1.3607,2.8711152938066564,0.041,0
2025-03-24T11:01:04Z,5.722,9.4706,1.6448,5.6879,25.704788,37.356,11.6403,101.215,7.429,288.5588,1.3388,2.872992079723882,0.038,0
2025-03-24T11:01:04Z,5.733,9.454,1.6083,5.7047,25.695878,37.362,11.6245,100.91,7.43,288.4968,1.3166,2.874804202325396,0.038,0
2025-03-24T11:01:04Z,5.743,9.4373,1.5651,5.7611,25.668711,37.341,11.6244,100.683,7.43,288.8524,1.3071,2.8744167021513114,0.043,0
2025-03-24T11:01:04Z,5.748,9.4204,1.5552,5.7899,25.629983,37.304,11.6214,100.64,7.43,289.3299,1.306,2.8727355509915866,0.053,0
2025-03-24T11:01:04Z,5.756,9.4028,1.5551,5.7111,25.608126,37.29,11.5866,100.768,7.43,290.0555,1.2841,2.8729918117689666,0.065,0
2025-03-24T11:01:04Z,5.774,9.3851,1.5885,5.6278,25.594685,37.289,11.5542,100.849,7.43,290.399,1.2461,2.8743203505849158,0.076,0
2025-03-24T11:01:04Z,5.802,9.3679,1.6678,5.6711,25.594305,37.306,11.5279,100.759,7.431,289.2663,1.2105,2.8770848992803693,0.086,0
2025-03-24T11:01:04Z,5.832,9.3509,1.7149,5.7556,25.603514,37.338,11.5238,100.601,7.431,287.2018,1.187,2.881065959524478,0.096,0
2025-03-24T11:01:04Z,5.86,9.3341,1.7091,5.7275,25.579184,37.322,11.5586,100.564,7.432,286.344,1.1767,2.8810964366096847,0.103,0
2025-03-24T11:01:04Z,5.882,9.3175,1.6651,5.6726,25.553799,37.302,11.5778,100.653,7.433,286.5528,1.1512,2.8807828632097636,0.106,0
2025-03-24T11:01:04Z,5.905,9.3008,1.6154,5.7072,25.550244,37.314,11.5657,100.598,7.434,287.2311,1.1027,2.8831045545540643,0.104,0
2025-03-24T11:01:04Z,5.935,9.2838,1.6073,5.7353,25.536189,37.312,11.5439,100.323,7.434,288.3496,1.0556,2.884301361996179,0.103,0
2025-03-24T11:01:04Z,5.967,9.2666,1.6083,5.671,25.510689,37.292,11.5381,100.06,7.434,288.8923,1.0183,2.884035590120926,0.103,0
2025-03-24T11:01:04Z,5.992,9.2502,1.6192,5.579,25.495594,37.288,11.5746,100.069,7.434,288.0279,0.99968,2.885021374554319,0.101,0
2025-03-24T11:01:04Z,6.014,9.2342,1.6644,5.5802,25.480499,37.284,11.5752,100.361,7.433,286.4158,0.98043,2.885975943472914,0.095,0
2025-03-24T11:01:04Z,6.04,9.2181,1.6966,5.6851,25.455008,37.265,11.5337,100.617,7.432,285.6614,0.93046,2.8857042499808796,0.089,0
2025-03-24T11:01:04Z,6.068,9.2017,1.7177,5.7537,25.441048,37.262,11.4985,100.648,7.433,285.9624,0.90039,2.886773264380825,0.085,0
2025-03-24T11:01:04Z,6.084,9.1852,1.7277,5.6921,25.438542,37.276,11.496,100.497,7.434,286.6137,0.89947,2.8892524840579306,0.083,0
2025-03-24T11:01:04Z,6.096,9.1686,1.7013,5.6238,25.424696,37.273,11.5596,100.217,7.436,287.0835,0.88001,2.890341256352605,0.083,0
2025-03-24T11:01:04Z,6.118,9.1519,1.6738,5.6793,25.400463,37.255,11.5987,99.867,7.437,287.2549,0.85244,2.8902009292638167,0.085,0
2025-03-24T11:01:04Z,6.145,9.1355,1.6611,5.749,25.399205,37.27,11.6024,99.61,7.437,287.2227,0.8362,2.8927580254238108,0.09,0
2025-03-24T11:01:04Z,6.166,9.1198,1.6559,5.7146,25.409479,37.302,11.5868,99.556,7.438,286.7811,0.8255,2.8966646902147306,0.099,0
2025-03-24T11:01:04Z,6.188,9.1043,1.6695,5.6389,25.397825,37.302,11.5599,99.694,7.44,286.2175,0.80461,2.8979160443893854,0.107,0
2025-03-24T11:01:04Z,6.219,9.0884,1.7003,5.6543,25.385122,37.3,11.5147,100.098,7.441,286.0861,0.76701,2.899034671141554,0.112,0
2025-03-24T11:01:04Z,6.253,9.0727,1.7196,5.7297,25.38272,37.312,11.4812,100.78,7.442,286.1391,0.73152,2.9012948838565595,0.114,0
2025-03-24T11:01:04Z,6.284,9.057,1.7117,5.7309,25.36878,37.307,11.488,101.592,7.442,286.1699,0.70514,2.9021515029222096,0.112,0
2025-03-24T11:01:04Z,6.314,9.0415,1.7136,5.8052,25.343394,37.286,11.4987,102.301,7.443,286.3721,0.68017,2.9016690008399975,0.105,0
2025-03-24T11:01:04Z,6.344,9.0265,1.7343,6.0132,25.329443,37.282,11.5496,102.692,7.443,287.2081,0.66224,2.902552142305009,0.094,0
2025-03-24T11:01:04Z,6.368,9.0117,1.7449,6.128,25.326928,37.294,11.6396,102.714,7.443,288.3612,0.66062,2.9047444320479596,0.084,0
2025-03-24T11:01:04Z,6.383,8.9972,1.7504,6.1689,25.312977,37.289,11.7469,102.501,7.444,288.6134,0.66085,2.9055065442905734,0.074,0
2025-03-24T11:01:04Z,6.395,8.9829,1.7422,6.0624,25.28759,37.267,11.8443,102.265,7.446,288.4501,0.64123,2.9048447006466027,0.064,0
2025-03-24T11:01:04Z,6.411,8.9684,1.7132,5.7973,25.273638,37.262,11.8949,102.094,7.449,288.1936,0.62519,2.9056069432682485,0.054,0
2025-03-24T11:01:04Z,6.429,8.9536,1.7067,5.6963,25.271108,37.273,11.896,101.927,7.451,287.4915,0.62119,2.907720511764892,0.044,0
2025-03-24T11:01:04Z,6.441,8.9391,1.7218,5.6955,25.257002,37.268,11.8638,101.706,7.453,287.1886,0.61154,2.9084845484536164,0.036,0
2025-03-24T11:01:04Z,6.447,8.9253,1.6968,5.617,25.22991,37.243,11.8364,101.45,7.455,288.4888,0.60364,2.9075327080911717,0.032,0
2025-03-24T11:01:04Z,6.45,8.9115,1.6534,5.567,25.197205,37.209,11.8267,101.253,7.455,290.7366,0.60764,2.90583311987995,0.033,0
2025-03-24T11:01:04Z,6.45,8.8977,1.6473,5.602,25.178652,37.196,11.8125,101.146,7.455,291.7387,0.61612,2.905876149659984,0.04,0
2025-03-24T11:01:04Z,6.454,8.8841,1.6565,5.6648,25.195823,37.236,11.7914,101.019,7.456,291.6569,0.61098,2.910305268418323,0.05,0
2025-03-24T11:01:04Z,6.47,8.8706,1.6561,5.678,25.214563,37.278,11.7596,100.804,7.458,291.2091,0.59688,2.9148953881172752,0.062,0
2025-03-24T11:01:04Z,6.498,8.8566,1.6589,5.6938,25.214961,37.293,11.7375,100.625,7.459,290.4544,0.58498000000000006,2.917283880540563,0.075,0
2025-03-24T11:01:04Z,6.524,8.8429,1.674,5.7868,25.200632,37.286,11.737,100.689,7.46,290.8787,0.57074,2.917820060142819,0.085,0
2025-03-24T11:01:04Z,6.544,8.8302,1.697,5.8807,25.168143,37.251,11.7295,101.022,7.461,292.4672,0.55058,2.915945820994615,0.088,0
2025-03-24T11:01:04Z,6.566,8.8175,1.7204,5.9397,25.139223,37.222,11.7031,101.429,7.463,293.399,0.52628,2.9145690996614935,0.085,0
2025-03-24T11:01:04Z,6.592,8.8048,1.7248000000000001,5.9545,25.104623,37.183,11.6728,101.696,7.463,293.5414,0.50942,2.912358571173258,0.083,0
2025-03-24T11:01:04Z,6.612,8.7924,1.7081,5.9236,25.066882,37.14,11.6827,101.768,7.463,293.4141,0.49625,2.909789485185103,0.084,0
2025-03-24T11:01:04Z,6.627,8.7799,1.7008,5.9072,25.063407,37.148,11.736,101.826,7.464,293.065,0.48667,2.9114755484777013,0.085,0
2025-03-24T11:01:04Z,6.644,8.7676,1.7207,5.9272,25.062602,37.158,11.7957,102.013,7.466,292.8474,0.48668,2.913312852177441,0.082,0
2025-03-24T11:01:04Z,6.671,8.7557,1.7486,5.9266,25.057132,37.162,11.8356,102.227,7.467,292.676,0.47273,2.914617588075853,0.08,0
2025-03-24T11:01:04Z,6.699,8.744,1.7642,5.8992000000000004,25.060685,37.179,11.8354,102.309,7.468,292.628,0.45579,2.9169906358063478,0.083,0
2025-03-24T11:01:04Z,6.719,8.7329,1.7587,5.938,25.042129,37.164,11.8361,102.242,7.467,293.0405,0.45664,2.91664741573693,0.091,0
2025-03-24T11:01:04Z,6.73,8.722,1.7491,5.9853,25.023024,37.147,11.8691,102.159,7.467,293.3621,0.45831,2.9161212717449843,0.095,0
2025-03-24T11:01:04Z,6.749,8.7112,1.7146,5.9929,25.019927,37.153,11.9053,102.25,7.468,293.5047,0.43687,2.917505848574983,0.093,0
2025-03-24T11:01:04Z,6.784,8.6999,1.6327,6.0645,25.004686,37.141,11.9187,102.577,7.469,293.9042,0.3983,2.9174280318187433,0.093,0
2025-03-24T11:01:04Z,6.822,8.6891,1.591,6.1672,24.965573,37.094,11.9078,102.98,7.47,294.1488,0.37935,2.9143859369506844,0.096,0
2025-03-24T11:01:04Z,6.844,8.6789,1.6016,6.2102,24.927511,37.049,11.8912,103.239,7.47,293.0213,0.37518,2.9114616429883813,0.098,0
2025-03-24T11:01:04Z,6.856,8.6692,1.5947,6.1403,24.924985,37.057,11.9005,103.255,7.47,290.9402,0.37577,2.912923496830534,0.093,0
2025-03-24T11:01:04Z,6.877,8.6593,1.5656,5.9713,24.93503,37.083,11.95,102.98,7.47,290.4966,0.37761,2.915905912274789,0.087,0
2025-03-24T11:01:04Z,6.908,8.6491,1.5329,5.8407,24.922107,37.075,12.012,102.336,7.469,291.6146,0.35643,2.916071275890298,0.087,0
2025-03-24T11:01:04Z,6.931,8.639,1.5237,5.8591,24.895565,37.046,12.0475,101.319,7.469,292.3275,0.33679,2.914473298778734,0.091,0
2025-03-24T11:01:04Z,6.945,8.6291,1.5296,5.8856,24.867786,37.015,12.0516,99.963,7.468,292.4902,0.32723,2.9126918982257775,0.091,0
2025-03-24T11:01:04Z,6.969,8.619,1.5044,5.7513,24.839896,36.984,12.03,98.371,7.468,292.808,0.30563,2.910924872211893,0.081,0
2025-03-24T11:01:04Z,7.004,8.6086,1.4601,5.6022,24.812014,36.954,11.9549,96.72,7.469,292.2975,0.29464,2.909264006747961,0.066,0
2025-03-24T11:01:04Z,7.026,8.5985,1.4434,5.5865,24.78433,36.924,11.8388,95.132,7.47,290.3621,0.30034,2.9075788134927416,0.053,0
2025-03-24T11:01:04Z,7.029,8.5891,1.4603,5.6638,24.758838,36.896,11.6805,93.711,7.472,289.3676,0.3086,2.906004310606386,0.041,0
2025-03-24T11:01:04Z,7.029,8.5794,1.473,5.7502,24.757451,36.904,11.4862,92.507,7.474,289.7385,0.31035,2.9074676264261683,0.029,0
2025-03-24T11:01:04Z,7.031,8.5697,1.4644,5.8122,24.767557,36.929,11.2941,91.473,7.474,290.0282,0.29841,2.9103551694629184,0.022,0
2025-03-24T11:01:04Z,7.034,8.5598,1.4733,5.8668,24.754181,36.919,11.1058,90.567,7.474,290.5463,0.28965,2.9103284920520442,0.023,0
2025-03-24T11:01:04Z,7.039,8.55,1.4973,5.9316,24.722552,36.882,10.9394,89.797,7.474,291.3571,0.28485,2.9080308527392975,0.03,0
2025-03-24T11:01:04Z,7.051,8.5408,1.5369,5.9462,24.702215,36.862,10.8044,89.142,7.474,291.0552,0.2741,2.9071073159650314,0.04,0
2025-03-24T11:01:04Z,7.065,8.5316,1.6033,5.8383,24.698539,36.867,10.6892,88.555,7.474,289.7361,0.26907,2.9082790530327074,0.053,0
2025-03-24T11:01:04Z,7.076,8.5225,1.6338,5.686,24.678089,36.847,10.5826,88.018,7.475,289.0882,0.26414,2.90734709378481,0.069,0
2025-03-24T11:01:04Z,7.089,8.5136,1.64,5.6429,24.645213,36.807,10.4964,87.527,7.474,289.2437,0.25886,2.9047208279041827,0.082,0
2025-03-24T11:01:04Z,7.112,8.5046,1.6612,5.7272,24.618116,36.777,10.4255,87.076,7.474,289.4659,0.26159,2.9029396830168444,0.087,0
2025-03-24T11:01:04Z,7.147,8.4953,1.6655,5.817,24.604117,36.766,10.3585,86.667,7.475,289.623,0.25647,2.902775925544619,0.087,0
2025-03-24T11:01:04Z,7.182,8.4858,1.6496,5.908,24.602784,36.774,10.2988,86.301,7.475,289.8532,0.24141,2.904222853141745,0.084,0
2025-03-24T11:01:04Z,7.205,8.4767,1.6446,6.0082,24.601983,36.783,10.2436,85.944,7.475,290.0992,0.22706,2.9057224281353617,0.08,0
2025-03-24T11:01:04Z,7.214,8.4677,1.6467,6.038,24.594425,36.782,10.1931,85.58,7.476,290.7895,0.21515,2.9063757483249217,0.074,0
2025-03-24T11:01:04Z,7.219,8.4584,1.6254,5.9945,24.574812,36.763,10.1466,85.221,7.477,291.6602,0.21037,2.905542195016807,0.064,0
2025-03-24T11:01:04Z,7.235,8.4491,1.5941,5.9262,24.555097,36.744,10.1085,84.874,7.477,291.6787,0.21308,2.904707339757422,0.056,0
2025-03-24T11:01:04Z,7.259,8.4397,1.5846,5.9295,24.546293,36.742,10.0699,84.536,7.478,291.4439,0.20465,2.9053080802895517,0.056,0
2025-03-24T11:01:04Z,7.277,8.4303,1.5856,5.9667,24.531765,36.73,10.028,84.216,7.479,291.1443,0.18629,2.905069069786267,0.06,0
2025-03-24T11:01:04Z,7.286,8.4209,1.5812,5.8642,24.506274,36.702,9.9882,83.907,7.479,290.5511,0.18292,2.903485686597821,0.062,0
2025-03-24T11:01:04Z,7.296,8.4114,1.5818,5.7138,24.491745,36.69,9.9506,83.6,7.48,290.4671,0.18322,2.9032547495503107,0.062,0
2025-03-24T11:01:04Z,7.315,8.4017,1.5845,5.6512,24.48293,36.687,9.9123,83.31,7.481,291.8489,0.18467,2.9037963015814112,0.064,0
2025-03-24T11:01:04Z,7.335,8.3923,1.5889,5.6537,24.4631,36.667,9.8772,83.043,7.481,293.9225,0.19116,2.9028832505894453,0.07,0
2025-03-24T11:01:04Z,7.35,8.3833,1.61,5.745,24.442222,36.645,9.8446,82.793,7.481,294.6315,0.18039,2.9017690923087933,0.075,0
2025-03-24T11:01:04Z,7.368,8.3744,1.6317,5.8665,24.420734,36.622,9.8089,82.569,7.482,294.054,0.16544,2.9005620158830734,0.073,0
2025-03-24T11:01:04Z,7.394,8.3656,1.6354,5.9275,24.393534,36.591,9.7767,82.366,7.484,293.1353,0.16062,2.898671828450272,0.064,0
2025-03-24T11:01:04Z,7.42,8.3563,1.6377,5.9362,24.367004,36.56,9.7488,82.158,7.486,292.6436,0.1529,2.896821575785153,0.053,0
2025-03-24T11:01:04Z,7.432,8.3474,1.6011,5.869,24.353629,36.549,9.7202,81.933,7.487,292.8411,0.14768,2.8966231871173496,0.04,0
2025-03-24T11:01:04Z,7.432,8.3394,1.5175,5.6957,24.358641,36.565,9.6958,81.708,7.489,293.8878,0.15291,2.898626230519695,0.027,0
2025-03-24T11:01:04Z,7.432,8.3312,1.4673,5.583,24.364187,36.582,9.6759,81.52,7.49,295.4915,0.15591,2.9007304565503524,0.017,0
2025-03-24T11:01:04Z,7.434,8.3228,1.4601,5.6336,24.357259,36.58,9.6536,81.348,7.49,296.1422,0.15531,2.9012505659952903,0.013,0
2025-03-24T11:01:04Z,7.434,8.3149,1.497,5.7608,24.338285,36.561,9.6287,81.154,7.49,296.0766,0.16011,2.900296938026027,0.016,0
2025-03-24T11:01:04Z,7.436,8.3069,1.5557,5.8573,24.32503,36.55,9.6013,80.961,7.491,296.1605,0.16432,2.9000255793055367,0.021,0
2025-03-24T11:01:04Z,7.445,8.2987,1.5707,5.8443,24.323816,36.557,9.582,80.784,7.492,295.9521,0.16391,2.9012880619100283,0.029,0
2025-03-24T11:01:04Z,7.459,8.2905,1.5784,5.8427,24.323591,36.565,9.5679,80.623,7.491,295.3631,0.16262,2.9026349201726487,0.04,0
2025-03-24T11:01:04Z,7.467,8.2825,1.6069,5.8717,24.322308,36.571,9.5434,80.466,7.491,295.1484,0.15559,2.9037977813421403,0.05,0
2025-03-24T11:01:04Z,7.472,8.2748,1.6163,5.8182,24.308301,36.559,9.5224,80.273,7.49,295.7651,0.14229,2.9034178183595643,0.054,0
2025-03-24T11:01:04Z,7.492,8.267,1.5999,5.7089,24.281048,36.526,9.504,80.084,7.49,296.625,0.13697,2.9012721017300382,0.054,0
2025-03-24T11:01:04Z,7.52,8.2591,1.576,5.6094,24.246458,36.482,9.4855,79.959,7.49,297.0274,0.14147,2.8982041454082785,0.054,0
2025-03-24T11:01:04Z,7.535,8.2514,1.561,5.5709,24.207155,36.431,9.4736,79.858,7.488,297.1022,0.14072,2.8945289252828665,0.056,0
2025-03-24T11:01:04Z,7.535,8.2439,1.5423,5.5849,24.186329,36.408,9.4497,79.735,7.485,297.1002,0.13512,2.893201774818558,0.056,0
2025-03-24T11:01:04Z,7.544,8.2363,1.4997,5.6426,24.184899,36.414,9.4241,79.617,7.481,297.0023,0.13687,2.894330752797547,0.056,0
2025-03-24T11:01:04Z,7.565,8.2286,1.4622,5.6881,24.189862,36.429,9.4155,79.53,7.478,296.3488,0.14031,2.896227589332192,0.062,0
2025-03-24T11:01:04Z,7.583,8.221,1.4464,5.6568,24.182911,36.427,9.4079,79.436,7.476,295.4805,0.13508,2.8966810375126526,0.074,0
2025-03-24T11:01:04Z,7.595,8.2137,1.4501,5.6401,24.164253,36.407,9.3929,79.315,7.475,295.3653,0.12901,2.895589543748834,0.081,0
2025-03-24T11:01:04Z,7.618,8.2067,1.4654,5.657,24.154515,36.4,9.3783,79.193,7.474,295.5586,0.13013,2.895571118727471,0.079,0
2025-03-24T11:01:04Z,7.656,8.1991,1.4658,5.622,24.12858,36.369,9.3727,79.087,7.474,296.0109,0.13243,2.8935711359400003,0.074,0
2025-03-24T11:01:04Z,7.684,8.1914,1.4628,5.6262,24.104338,36.34,9.3653,78.997,7.476,296.8756,0.1314,2.8917485213748177,0.071,0
2025-03-24T11:01:04Z,7.688,8.1843,1.4548,5.7079,24.115063,36.364,9.3494,78.912,7.476,297.1516,0.13111,2.894360514600131,0.067,0
2025-03-24T11:01:04Z,7.69,8.1774,1.4354,5.7223,24.131424,36.396,9.337,78.803,7.476,295.8214,0.13325,2.8976340086922954,0.057,0
2025-03-24T11:01:04Z,7.706,8.1702,1.4196,5.6629,24.111909,36.374,9.3259,78.703,7.476,293.6974,0.13374,2.896362841283444,0.045,0
2025-03-24T11:01:04Z,7.729,8.1629,1.405,5.6056,24.069341,36.317,9.3166,78.647,7.476,292.8939,0.13041,2.892137028131865,0.04,0
2025-03-24T11:01:04Z,7.742,8.156,1.4331,5.6438,24.060642,36.312,9.3113,78.599,7.477,293.1618,0.12606,2.8922789939270204,0.041,0
2025-03-24T11:01:04Z,7.745,8.1493,1.5097,5.7831,24.070138,36.334,9.2979,78.535,7.479,293.753,0.12406,2.894691042592845,0.044,0
2025-03-24T11:01:04Z,7.746,8.1423,1.5482,5.8551,24.057321,36.321,9.2839,78.468,7.48,294.7071,0.1238,2.8941649018843365,0.046,0
2025-03-24T11:01:04Z,7.754,8.1354,1.5328,5.8651,24.032502,36.291,9.2831,78.407,7.48,295.1482,0.12383,2.8921903415313146,0.047,0
2025-03-24T11:01:04Z,7.772,8.1287,1.5324,5.8706,24.023705,36.285,9.2794,78.363,7.481,294.4407,0.12482,2.8922309846254577,0.049,0
2025-03-24T11:01:04Z,7.795,8.122,1.5684,5.8188,24.014367,36.278,9.2717,78.322,7.483,293.121,0.12576,2.892186373438715,0.049,0
2025-03-24T11:01:04Z,7.814,8.1152,1.601,5.7503,23.983007,36.238,9.2665,78.262,7.485,292.3563,0.12498,2.8893542321209824,0.045,0
2025-03-24T11:01:04Z,7.823,8.1087,1.6021,5.6918,23.961615,36.213,9.2585,78.189,7.486,292.2501,0.12408,2.887768425171867,0.037,0
2025-03-24T11:01:04Z,7.826,8.1022,1.5904,5.6573,23.945953,36.196,9.2566,78.12,7.487,292.4387,0.12394,2.8868603612831345,0.028,0
2025-03-24T11:01:04Z,7.827,8.0956,1.5924,5.6749,23.920472,36.164,9.254,78.075,7.488,292.8304,0.12382,2.8846886854338196,0.022,0
2025-03-24T11:01:04Z,7.829,8.089,1.593,5.6661,23.907183,36.151,9.2482,78.067,7.489,293.114,0.12376,2.8841270992284684,0.018,0
2025-03-24T11:01:04Z,7.834,8.0827,1.5807,5.619,23.912099,36.165,9.2402,78.067,7.489,293.6306,0.12379,2.885829737376084,0.016,0
2025-03-24T11:01:04Z,7.843,8.0765,1.5773,5.6178,23.916492,36.178,9.2326,78.041,7.49,294.4301,0.12382,2.887439508513325,0.015,0
2025-03-24T11:01:04Z,7.851,8.0702,1.5847,5.652,23.896881,36.155,9.2277,78.002,7.492,294.4356,0.12381,2.8860047416539425,0.014,0
2025-03-24T11:01:04Z,7.851,8.0642,1.5954,5.6907,23.865216,36.113,9.2291,77.958,7.493,293.6974,0.12376,2.88293381720222,0.011,0
2025-03-24T11:01:04Z,7.85,8.0583,1.5993,5.7096,23.850708,36.098,9.2341,77.919,7.493,293.2474,0.12374,2.882144405779228,0.011,0
2025-03-24T11:01:04Z,7.851,8.052,1.5898,5.7096,23.848297,36.1,9.2294,77.907,7.493,293.1254,0.12379,2.8828296868383103,0.017,0
2025-03-24T11:01:04Z,7.852,8.0459,1.6052,5.7936,23.836058,36.088,9.2268,77.907,7.493,293.1674,0.12387,2.882310775649284,0.031,0
2025-03-24T11:01:04Z,7.853,8.0402,1.6442,5.9406,23.829548,36.084,9.2229,77.902,7.492,294.3584,0.12391,2.8824381328984034,0.045,0
2025-03-24T11:01:04Z,7.866,8.0345,1.6611,5.9833,23.833007,36.095,9.2173,77.898,7.492,296.5121,0.12391,2.8838383608419735,0.054,0
2025-03-24T11:01:04Z,7.896,8.0287,1.652,5.9001,23.814454,36.073,9.219,77.9,7.493,297.3534,0.12388,2.882444003513053,0.059,0
2025-03-24T11:01:04Z,7.926,8.023,1.6089,5.789,23.795472,36.05,9.2209,77.897,7.493,296.7012,0.12382,2.8809559056845075,0.063,0
2025-03-24T11:01:04Z,7.94,8.0176,1.5568,5.7328,23.793731,36.053,9.2208,77.87,7.492,296.1119,0.12376,2.8816523843325084,0.063,0
2025-03-24T11:01:04Z,7.942,8.0124,1.538,5.6992,23.793402,36.058,9.2217,77.835,7.491,295.5633,0.12372,2.882503306907596,0.06,0
2025-03-24T11:01:04Z,7.951,8.0069,1.5312,5.6213,23.791491,36.06,9.2229,77.808,7.491,294.8001,0.12375,2.883123476321696,0.057,0
2025-03-24T11:01:04Z,7.969,8.0015,1.5416,5.611,23.770622,36.034,9.2261,77.793,7.491,294.6271,0.12387,2.8813558963073853,0.059,0
2025-03-24T11:01:04Z,7.986,7.9964,1.5792,5.7113,23.731316,35.98,9.2224,77.808,7.49,295.7946,0.12391,2.877184508939773,0.064,0
2025-03-24T11:01:04Z,8.004,7.9916,1.6033,5.775,23.696726,35.933,9.2179,77.828,7.489,297.5598,0.12384,2.873582863483102,0.067,0
2025-03-24T11:01:04Z,8.026,7.9866,1.6006,5.7315,23.669463,35.896,9.2181,77.848,7.491,298.4174,0.12379,2.87084608661778,0.065,0
2025-03-24T11:01:04Z,8.048,7.9815,1.58,5.6641,23.655343,35.88,9.2134,77.889,7.493,298.5059,0.1238,2.869901462772178,0.061,0
2025-03-24T11:01:04Z,8.06,7.9767,1.5291,5.6773,23.652822,35.882,9.2195,77.927,7.493,298.1998,0.12385,2.8704627448353985,0.059,0
2025-03-24T11:01:04Z,8.066,7.9719,1.4678,5.6867,23.638975,35.866,9.2237,77.946,7.493,297.6419,0.12388,2.8694945385920034,0.057,0
2025-03-24T11:01:04Z,8.077,7.9671,1.4296,5.6403,23.614741,35.834,9.2236,77.969,7.494,297.5252,0.12384,2.867165349522655,0.056,0
2025-03-24T11:01:04Z,8.095,7.9623,1.4079,5.6283,23.613472,35.837,9.2327,77.995,7.495,297.7349,0.12387,2.8678109579253284,0.057,0
2025-03-24T11:01:04Z,8.113,7.9575,1.4391,5.6104,23.62363,35.857,9.2394,78.031,7.496,298.0268,0.12397,2.869902420540064,0.058,0
2025-03-24T11:01:04Z,8.128,7.9531,1.5233,5.6296,23.610729,35.842,9.2396,78.075,7.497,298.3874,0.12394,2.8689852829493296,0.056,0
2025-03-24T11:01:04Z,8.144,7.9486,1.5692,5.689,23.584305,35.807,9.2452,78.1,7.498,298.5668,0.12382,2.8663750717719996,0.05,0
2025-03-24T11:01:04Z,8.159,7.9442,1.561,5.6799,23.557805,35.771,9.2483,78.127,7.499,298.6469,0.12379,2.863671095978138,0.04,0
2025-03-24T11:01:04Z,8.169,7.9396,1.5486,5.8259,23.543969,35.755,9.2525,78.154,7.499,298.7544,0.12385,2.8626844744941238,0.03,0
2025-03-24T11:01:04Z,8.172,7.9351,1.5446,6.1912,23.543835,35.759,9.2627,78.162,7.499,298.7481,0.12391,2.863391338805399,0.023,0
2025-03-24T11:01:04Z,8.172,7.9308,1.5454,6.4076,23.556184,35.783,9.2629,78.161,7.499,297.9676,0.12393,2.8657838942079277,0.019,0
2025-03-24T11:01:04Z,8.173,7.9264,1.5421,6.3586,23.566446,35.803,9.2684,78.156,7.5,296.7177,0.12387,2.867844782068763,0.018,0
2025-03-24T11:01:04Z,8.175,7.9222,1.5128,6.1103,23.54108,35.769,9.2742,78.139,7.501,296.3697,0.12377,2.8652939183685024,0.018,0
2025-03-24T11:01:04Z,8.182,7.918,1.4824,5.8314,23.503137,35.715,9.2744,78.111,7.501,296.5987,0.12373,2.8610401687300206,0.019,0
2025-03-24T11:01:04Z,8.194,7.9139,1.4828,5.7199,23.488168,35.696,9.2757,78.101,7.502,296.9915,0.12369,2.8597561313288082,0.019,0
2025-03-24T11:01:04Z,8.203,7.9096,1.4838,5.6496,23.486909,35.699,9.2759,78.139,7.502,297.5912,0.12366,2.8603610590477007,0.017,0
2025-03-24T11:01:04Z,8.202,7.9056,1.4863,5.5966,23.487918,35.704,9.2753,78.201,7.502,297.8271,0.12368,2.861112802297275,0.014,0
2025-03-24T11:01:04Z,8.201,7.9018,1.5044,5.66,23.500361,35.727,9.2716,78.24,7.502,297.0902,0.12372,2.863380918690962,0.012,0
2025-03-24T11:01:04Z,8.204,7.8979,1.5203,5.7328,23.510528,35.746,9.2691,78.278,7.502,295.7368,0.12377,2.8653167446057104,0.013,0
2025-03-24T11:01:04Z,8.206,7.8943,1.5376,5.7255,23.484019,35.71,9.2752,78.341,7.503,295.2294,0.12381,2.8625443996901816,0.018,0
2025-03-24T11:01:04Z,8.208,7.8908,1.5383,5.6744,23.433498,35.637,9.2878,78.398,7.504,295.515,0.12386,2.8566127282055747,0.023,0
2025-03-24T11:01:04Z,8.216,7.8869,1.5285,5.6612,23.406979,35.601,9.2909,78.438,7.504,295.6626,0.12389,2.8538637607643493,0.026,0
2025-03-24T11:01:04Z,8.23,7.8831,1.5435,5.7018,23.417038,35.62,9.2936,78.468,7.505,295.638,0.12383,2.8557900697141076,0.028,0
2025-03-24T11:01:04Z,8.241,7.8793,1.5454,5.6881,23.428285,35.641,9.3055,78.477,7.506,295.7333,0.12373,2.8578874135502645,0.031,0
2025-03-24T11:01:04Z,8.245,7.8756,1.526,5.5972,23.416144,35.626,9.3131,78.472,7.506,296.2118,0.12378,2.8569107240938894,0.034,0
2025-03-24T11:01:04Z,8.247,7.8721,1.5588,5.5592,23.397066,35.601,9.3175,78.488,7.507,296.4337,0.12386,2.85506577857117,0.034,0
2025-03-24T11:01:04Z,8.256,7.8684,1.6429,5.6045,23.387852,35.591,9.3232,78.517,7.507,295.9214,0.12385,2.854514180861137,0.036,0
2025-03-24T11:01:04Z,8.269,7.8646,1.702,5.6673,23.368147,35.566,9.3253,78.536,7.508,295.5247,0.12381,2.8526921461027195,0.041,0
2025-03-24T11:01:04Z,8.281,7.8611,1.707,5.7024,23.349046,35.541,9.3223,78.555,7.508,295.5939,0.12379,2.8508457282353175,0.049,0
2025-03-24T11:01:04Z,8.291,7.8575,1.7034,5.7567,23.34715,35.542,9.3263,78.582,7.509,295.7259,0.12377,2.851223094004039,0.056,0
2025-03-24T11:01:04Z,8.306,7.8538,1.7333,5.8797,23.34521,35.542,9.3326,78.613,7.51,295.7446,0.12378,2.85152309047328,0.061,0
2025-03-24T11:01:04Z,8.325,7.85,1.7697,5.9259,23.325592,35.517,9.3338,78.636,7.511,295.8205,0.12379,2.849699954947077,0.065,0
2025-03-24T11:01:04Z,8.345,7.8463,1.785,5.9053,23.300186,35.482,9.3373,78.64,7.511,296.3853,0.12377,2.847016049312931,0.067,0
2025-03-24T11:01:04Z,8.363,7.8428,1.7517,5.9375,23.291681,35.472,9.341,78.626,7.511,297.0667,0.12379,2.8464467670826106,0.067,0
2025-03-24T11:01:04Z,8.38,7.8393,1.6839,5.9738,23.286164,35.467,9.3461,78.609,7.511,297.1759,0.12381,2.8463037396903395,0.062,0
2025-03-24T11:01:04Z,8.397,7.8358,1.6637,6.0027,23.296894,35.487,9.3507,78.604,7.512,297.1032,0.12386,2.84829222529048,0.053,0
2025-03-24T11:01:04Z,8.414,7.8325,1.6664,5.9788,23.294592,35.487,9.3511,78.593,7.514,297.0481,0.12394,2.8485592582041495,0.047,0
2025-03-24T11:01:04Z,8.423,7.8291,1.6416,5.8901,23.258324000000002,35.435,9.3506,78.585,7.514,296.8544,0.12393,2.8444004864767582,0.047,0
2025-03-24T11:01:04Z,8.424,7.8257,1.6296,5.8183,23.238858,35.409,9.347,78.599,7.514,296.7399,0.1239,2.842459267753293,0.051,0
2025-03-24T11:01:04Z,8.429,7.8226,1.6469,5.7599,23.249458,35.428,9.3498,78.615,7.514,297.2126,0.12386,2.8443309579085057,0.055,0
2025-03-24T11:01:04Z,8.448,7.8194,1.6594,5.7303,23.259664,35.447,9.3484,78.63,7.514,298.1819,0.12378,2.846210117769979,0.059,0
2025-03-24T11:01:04Z,8.474,7.8161,1.6467,5.7338,23.235426,35.413,9.3455,78.637,7.514,298.6509,0.12378,2.8435761865588165,0.064,0
2025-03-24T11:01:04Z,8.498,7.8129,1.6599,5.7348,23.21005,35.378,9.3516,78.63,7.514,298.5806,0.12381,2.840848885969831,0.068,0
2025-03-24T11:01:04Z,8.513,7.81,1.7197,5.7416,23.206495,35.376,9.3524,78.618,7.515,298.4509,0.12384,2.840912576908909,0.068,0
2025-03-24T11:01:04Z,8.525,7.807,1.7612,5.7144,23.19245,35.358,9.3556,78.594,7.516,298.2877,0.12384,2.8396196292412492,0.063,0
2025-03-24T11:01:04Z,8.54,7.8038,1.7707,5.6788,23.167057,35.323,9.3581,78.562,7.516,298.1558,0.12381,2.8368919592780766,0.056,0
2025-03-24T11:01:04Z,8.555,7.8007,1.7682,5.789,23.153115,35.304,9.3564,78.537,7.515,298.1458,0.12382,2.8355208954876274,0.051,0
2025-03-24T11:01:04Z,8.568,7.7978,1.7566,6.0222,23.150704,35.304,9.3568,78.512,7.516,298.2533,0.12387,2.8357549534441118,0.051,0
2025-03-24T11:01:04Z,8.58,7.7948,1.755,6.1757,23.137897,35.287,9.3547,78.489,7.518,298.4231,0.12391,2.834546504639746,0.053,0
2025-03-24T11:01:04Z,8.59,7.7919,1.7658,6.1753,23.125091,35.271,9.3498,78.472,7.52,298.5647,0.12391,2.8334151436294226,0.056,0
2025-03-24T11:01:04Z,8.601,7.789,1.7708,6.1207,23.122689,35.27,9.3488,78.449,7.52,298.5885,0.12385,2.8335639100258323,0.056,0
2025-03-24T11:01:04Z,8.617,7.7861,1.7734,6.1295,23.108863,35.252,9.3463,78.423,7.52,298.6247,0.1238,2.8322614846176584,0.053,0
2025-03-24T11:01:04Z,8.641,7.783,1.781,6.18,23.084736,35.218,9.3432,78.388,7.52,298.7437,0.12383,2.829608792666422,0.047,0
2025-03-24T11:01:04Z,8.66,7.7802,1.7705,6.185,23.084621,35.221,9.3437,78.341,7.521,298.7377,0.12389,2.830089759629444,0.039,0
2025-03-24T11:01:04Z,8.664,7.7774,1.6793,6.1555,23.107471,35.259,9.3404,78.31,7.522,298.4659,0.12391,2.833559745185157,0.031,0
2025-03-24T11:01:04Z,8.662,7.7747,1.5363,6.131,23.107356,35.262,9.3383,78.289,7.521,298.2106,0.12386,2.8340345283492603,0.024,0
2025-03-24T11:01:04Z,8.662,7.7721,1.4727,6.1619,23.083238,35.228,9.3361,78.254,7.519,298.2313,0.1238,2.831341852057789,0.02,0
2025-03-24T11:01:04Z,8.665,7.7693,1.485,6.2219,23.069506,35.21,9.3281,78.214,7.519,298.2863,0.12378,2.830031099239763,0.023,0
2025-03-24T11:01:04Z,8.67,7.7667,1.4856,6.1729,23.068154,35.21,9.3258,78.184,7.52,298.273,0.12376,2.8302411593551344,0.032,0
2025-03-24T11:01:04Z,8.682,7.7639,1.4881,6.1164,23.066888,35.211,9.3262,78.162,7.521,298.2434,0.12372,2.8305520898015573,0.045,0
2025-03-24T11:01:04Z,8.698,7.761,1.5233,6.1873,23.054186,35.194,9.3211,78.137,7.521,298.1866,0.12368,2.829333721652487,0.057,0
2025-03-24T11:01:04Z,8.712,7.7585,1.5526,6.2788,23.041397,35.177,9.3165,78.091,7.521,298.188,0.12368,2.828083421064758,0.067,0
2025-03-24T11:01:04Z,8.729,7.756,1.5601,6.3008,23.039091,35.176,9.3136,78.03,7.521,298.1749,0.12369,2.8281990536870887,0.074,0
2025-03-24T11:01:04Z,8.753,7.7534,1.5891,6.2136,23.026293,35.159,9.3118,77.965,7.521,298.1135,0.12369,2.826955764683772,0.078,0
2025-03-24T11:01:04Z,8.777,7.7509,1.6531,6.1468,23.013487,35.142,9.3112,77.912,7.521,298.1348,0.12374,2.825704411793127,0.078,0
2025-03-24T11:01:04Z,8.798,7.7485,1.7018,6.2106,23.011076,35.141,9.3046,77.866,7.522,298.17380000000003,0.12375,2.825811680557053,0.075,0
2025-03-24T11:01:04Z,8.818,7.7461,1.7119,6.1987,22.997136,35.122,9.2987,77.827,7.523,298.2409,0.12371,2.8243814493830084,0.07,0
2025-03-24T11:01:04Z,8.835,7.7435,1.7415,6.106,22.971761,35.086,9.2896,77.814,7.523,298.344,0.12371,2.821515120282798,0.065,0
2025-03-24T11:01:04Z,8.848,7.7411,1.81,6.0815,22.957926,35.068,9.2844,77.796,7.524,298.3025,0.12372,2.8201703196232066,0.06,0
2025-03-24T11:01:04Z,8.86,7.7388,1.8585,6.1067,22.956667,35.068,9.2812,77.769,7.525,298.2555,0.12373,2.820355072322022,0.06,0
2025-03-24T11:01:04Z,8.874,7.7365,1.878,6.1714,22.956542,35.07,9.2727,77.727,7.525,298.3769,0.12378,2.820710567930852,0.061,0
2025-03-24T11:01:04Z,8.889,7.7342,1.8455,6.1804,22.956418,35.073,9.2765,77.661,7.524,298.5662,0.12383,2.821151403997097,0.061,0
2025-03-24T11:01:04Z,8.906,7.732,1.7659,6.147,22.955159,35.073,9.2731,77.601,7.524,298.6512,0.12384,2.821327999014794,0.06,0
2025-03-24T11:01:04Z,8.928,7.7298,1.7307,6.1777,22.941314,35.054,9.2708,77.568,7.524,298.6304,0.12386,2.819880553518755,0.059,0
2025-03-24T11:01:04Z,8.946,7.7275,1.7277,6.1754,22.915845,35.017,9.2679,77.523,7.524,298.6589,0.12382,2.8169031526543282,0.058,0
2025-03-24T11:01:04Z,8.954,7.7254,1.6964,6.1539,22.900866,34.996,9.2583,77.45,7.524,298.7382,0.12374,2.8152777134313145,0.055,0
2025-03-24T11:01:04Z,8.962,7.7235,1.652,6.2251,22.88702,34.977,9.2497,77.401,7.524,298.7281,0.12372,2.8138067890174416,0.052,0
2025-03-24T11:01:04Z,8.977,7.7214,1.6396,6.3186,22.875263,34.961,9.2492,77.381,7.524,298.6231,0.12377,2.8126074323634485,0.048,0
2025-03-24T11:01:04Z,8.992,7.7191,1.6551,6.3962,22.885533,34.98,9.2464,77.352,7.524,298.5871,0.12381,2.8144151380906353,0.043,0
2025-03-24T11:01:04Z,9.006,7.7171,1.6574,6.4463,22.884363,34.98,9.2328,77.291,7.525,298.637,0.1238,2.814575369288231,0.038,0
2025-03-24T11:01:04Z,9.018,7.715,1.6415,6.3089,22.861118,34.947,9.2286,77.208,7.526,298.7099,0.12383,2.8119231735839243,0.032,0
2025-03-24T11:01:04Z,9.023,7.7128,1.638,6.0331,22.858131,34.944,9.2285,77.119,7.526,298.8667,0.12387,2.8118433131310736,0.028,0
2025-03-24T11:01:04Z,9.023,7.7106,1.648,5.9129,22.848247,34.932,9.2274,77.053,7.526,299.0698,0.12383,2.810994530292826,0.029,0
2025-03-24T11:01:04Z,9.024,7.7086,1.6535,5.949,22.805015,34.868,9.2186,77.015,7.527,298.8424,0.12378,2.805685188056794,0.034,0
2025-03-24T11:01:04Z,9.03,7.7065,1.6638,5.9908,22.779301,34.831,9.2095,76.959,7.527,298.1829,0.12377,2.8026910985138405,0.041,0
2025-03-24T11:01:04Z,9.045,7.7043,1.681,6.0428,22.790984,34.851,9.198,76.892,7.527,297.8057,0.12379,2.8045760338396035,0.046,0
2025-03-24T11:01:04Z,9.067,7.7022,1.7039,6.1336,22.819451,34.896,9.1884,76.852,7.527,297.7242,0.12376,2.8085896415517144,0.049,0
2025-03-24T11:01:04Z,9.089,7.7002,1.724,6.2004,22.806426,34.878,9.1895,76.827,7.528,297.7991,0.12371,2.807210167813543,0.05,0
2025-03-24T11:01:04Z,9.099,7.6982,1.707,6.2354,22.760336,34.81,9.1824,76.812,7.529,298.0238,0.12374,2.8015572726015936,0.051,0
2025-03-24T11:01:04Z,9.101,7.6963,1.6655,6.3187,22.769469,34.826,9.1704,76.787,7.53,298.0316,0.12381,2.8030772592316286,0.053,0
2025-03-24T11:01:04Z,9.106,7.6945,1.6458,6.4217,22.790027,34.859,9.1697,76.731,7.529,297.7216,0.12381,2.806042563562507,0.058,0
2025-03-24T11:01:04Z,9.12,7.6924,1.6524,6.5242000000000004,22.75525,34.808,9.1655,76.664,7.529,297.2866,0.12379,2.8018500977900493,0.062,0
2025-03-24T11:01:04Z,9.145,7.6904,1.6872,6.8057,22.72945,34.771,9.1655,76.597,7.53,296.8161,0.12378,2.7988457949243273,0.066,0
2025-03-24T11:01:04Z,9.174,7.6885,1.7332,7.264,22.731725,34.776,9.1654,76.52,7.531,296.2488,0.12378,2.79942361926983,0.071,0
2025-03-24T11:01:04Z,9.197,7.6866,1.7592,7.7957,22.719346,34.759,9.1561,76.441,7.53,295.8477,0.12381,2.7981210046969833,0.076,0
2025-03-24T11:01:04Z,9.207,7.6847,1.8274,10.9801,22.706593,34.742,9.1493,76.398,7.53,295.8382,0.12383,2.796819182610166,0.076,0
2025-03-24T11:01:04Z,9.215,7.6829,2.4578,45.0828,22.704351,34.74,9.141,76.356,7.53,296.0476,0.12382,2.796792114312421,0.07,0
2025-03-24T11:01:04Z,9.235,7.6812,3.5881,107.5016,22.69224,34.724,9.1345,76.302,7.53,296.2284,0.12381,2.7955589146564677,0.062,0
2025-03-24T11:01:04Z,9.264,7.6794,4.1992,141.5531,22.686979,34.717,9.1196,76.279,7.53,296.5623,0.12379,2.7951023870851595,0.054,0
2025-03-24T11:01:04Z,9.284,7.6773,4.2538,144.7849,22.704159,34.745,9.1191,76.245,7.53,296.9874,0.12379,2.797663588305392,0.046,0
2025-03-24T11:01:04Z,9.289,7.6756,4.2323,146.6794,22.709714,34.755,9.117,76.174,7.53,296.9802,0.12383,2.7986548528394906,0.036,0
2025-03-24T11:01:04Z,9.289,7.6739,3.9222,164.4594,22.690744,34.728,9.1036,76.094,7.53,296.9047,0.12386,2.7964818423140154,0.024,0
2025-03-24T11:01:04Z,9.291,7.6721,3.3584,197.0261,22.665025,34.691,9.1076,76.017,7.53,297.0216,0.12386,2.793461212205107,0.012,0
2025-03-24T11:01:04Z,9.294,7.6702,3.059,214.7984,22.652395,34.674,9.1043,75.946,7.53,297.0172,0.12383,2.7921588790669243,0.006,0
2025-03-24T11:01:04Z,9.297,7.6683,3.0573,216.3001,22.664855,34.695,9.0938,75.886,7.532,296.9375,0.12379,2.794106531417972,0.005,0
2025-03-24T11:01:04Z,9.298,7.6667,3.1457,215.217,22.688846,34.734,9.0851,75.833,7.532,297.3486,0.12381,2.7975702407639225,0.005,0
2025-03-24T11:01:04Z,9.298,7.6649,3.2707,212.942,22.688825,34.736,9.076,75.773,7.533,298.2019,0.12384,2.7978853051306958,0.005,0
2025-03-24T11:01:04Z,9.298,7.663,3.3207,211.5765,22.664603,34.701,9.0678,75.721,7.534,298.5646,0.1238,2.7950431613568263,0.008,0
2025-03-24T11:01:04Z,9.298,7.6611,3.2837,210.287,22.649626,34.679,9.0603,75.694,7.534,298.4637,0.12379,2.793312990014391,0.015,0
2025-03-24T11:01:04Z,9.3,7.6592,2.7736,196.941,22.634553,34.658,9.0565,75.664,7.534,298.4449,0.12379,2.7916682614351425,0.023,0
2025-03-24T11:01:04Z,9.305,7.6574,1.806,172.3988,22.609178,34.621,9.0484000000000009,75.604,7.534,298.2517,0.12376,2.7886465658832047,0.031,0
2025-03-24T11:01:04Z,9.317,7.6556,1.2722,158.849,22.596467,34.603,9.041,75.51,7.535,297.8481,0.12373,2.787249685899777,0.037,0
2025-03-24T11:01:04Z,9.333,7.6539,1.2048,155.265,22.607681,34.622,9.0403,75.424,7.536,297.7813,0.12376,2.7890096948085414,0.041,0
2025-03-24T11:01:04Z,9.347,7.6523,0.9163,128.1765,22.617942,34.64,9.0382,75.384,7.536,297.8747,0.12377,2.790676678487089,0.044,0
2025-03-24T11:01:04Z,9.356,7.6505,0.3653,78.6386,22.593711,34.605,9.0314,75.332,7.535,297.7726,0.12377,2.787825421374723,0.047,0
2025-03-24T11:01:04Z,9.363,7.6489,0.0437,51.5169,22.568347,34.568,9.0202,75.243,7.535,297.7509,0.12384,2.7847871055920757,0.047,0
2025-03-24T11:01:04Z,9.372,7.6472,0.0157,48.043,22.564907,34.564,9.0042,75.125,7.536,297.8714,0.12387,2.7845799920726004,0.044,0
2025-03-24T11:01:04Z,9.388,7.6455,0.0015,36.4654,22.55212,34.546,9.0071,74.999,7.537,297.8526,0.12384,2.783174524627694,0.041,0
2025-03-24T11:01:04Z,9.406,7.6438,-0.0524,15.4799,22.540563,34.53,9.0013,74.944,7.537,297.6953,0.12384,2.7819398179241905,0.036,0
2025-03-24T11:01:04Z,9.417,7.6422,-0.0951,3.9788,22.551985,34.549,8.988,74.915,7.538,297.6042,0.12385,2.7836923883020077,0.03,0
2025-03-24T11:01:04Z,9.42,7.6404,-0.108,2.9595,22.56341,34.568,8.9792,74.88,7.538,297.5252,0.12382,2.7854616284386973,0.021,0
2025-03-24T11:01:04Z,9.42,7.6388,-0.10780000000000001,2.8478,22.551871,34.551,8.9529,74.911,7.538,297.4282,0.12378,2.7841342595666108,0.012,0
2025-03-24T11:01:04Z,9.42,7.6373,-0.093,2.5943,22.539293,34.532,8.9543,75.107,7.538,297.3785,0.12379,2.782627756190714,0.005,0
2025-03-24T11:01:04Z,9.42,7.6358,-0.078,2.2513,22.538151,34.53,8.9528,75.574,7.539,297.3542,0.12388,2.782575994232874,0.002,0
2025-03-24T11:01:04Z,9.421,7.6347,-0.0932,2.1171,22.538056,34.53,8.9436,76.302,7.539,297.4788,0.12397,2.7826635042772256,0.001,0
2025-03-24T11:01:04Z,9.421,7.6338,-0.1108,2.1667,22.53815,34.53,8.9455,77.139,7.539,297.6804,0.12397,2.7827351446214954,0.001,0
2025-03-24T11:01:04Z,9.422,7.6334,-0.10780000000000001,2.0657,22.539292,34.531,8.9614,77.976,7.539,297.6413,0.12397,2.7828525238081,0.001,0
2025-03-24T11:01:04Z,9.422,7.6333,-0.1073,1.8179,22.55186,34.549,9.0174,78.764,7.539,297.0914,0.12396,2.7844010862856603,0.001,0
2025-03-24T11:01:04Z,9.422,7.6333,-0.104,1.699,22.563285,34.565,9.1136,79.392,7.54,296.3669,0.12386,2.7857704733790447,0.001,0
2025-03-24T11:01:04Z,9.422,7.6338,-0.1014,1.6875,22.550612,34.545,9.2191,79.764,7.541,296.1942,0.12381,2.784018915453966,0.002,0
2025-03-24T11:01:04Z,9.422,7.6346,-0.1002,1.6439,22.525458,34.505,9.3167,79.86,7.542,296.2944,0.12386,2.7805319423817014,0.005,0
2025-03-24T11:01:04Z,9.423,7.6355,-0.0979,1.5475,22.512796,34.484,9.4184,79.706,7.543,296.4592,0.12391,2.7786633373462424,0.01,0
2025-03-24T11:01:04Z,9.425,7.6366,-0.1079,1.4441,22.524334,34.5,9.4973,79.373,7.543,296.8104,0.12389,2.779944971785274,0.016,0
2025-03-24T11:01:04Z,9.429,7.6378,-0.1043,1.4185,22.538149,34.52,9.5414,78.941,7.544,296.9268,0.1238,2.7815607626753867,0.021,0
2025-03-24T11:01:04Z,9.436,7.639,-0.0875,1.3405,22.553012,34.541,9.5521,78.461,7.544,296.8335,0.12373,2.783261948845277,0.024,0
2025-03-24T11:01:04Z,9.446,7.6404,-0.0797,1.15,22.577212,34.576,9.5297,77.957,7.544,296.4568,0.12376,2.7861450222915076,0.024,0
2025-03-24T11:01:04Z,9.456,7.6419,-0.0769,1.0281,22.577108,34.575,9.4863,77.487,7.545,295.9004,0.12382,2.785939408487709,0.019,0
2025-03-24T11:01:04Z,9.463,7.6434,-0.0863,0.9602,22.551755,34.535,9.4314,77.058,7.545,295.8699,0.12385,2.782396944916115,0.007,0
2025-03-24T11:01:04Z,9.466,7.6448,-0.0932,0.9087,22.524314,34.492,9.3749,76.614,7.545,296.2606,0.12388,2.778606614803898,-0.013,0
2025-03-24T11:01:04Z,9.463,7.646,-0.0942,0.8502,22.49897,34.451,9.3103,76.179,7.545,296.6664,0.12388,2.775004158824183,-0.044,0
2025-03-24T11:01:04Z,9.453,7.6474,-0.1069,0.7654,22.498961,34.45,9.2514,75.778,7.545,297.0773,0.12387,2.774807935173251,-0.083,0
2025-03-24T11:01:04Z,9.433,7.6487,-0.1134,0.7709,22.52421,34.487,9.2077,75.423,7.545,297.4425,0.12386,2.7778703630182586,-0.116,0
2025-03-24T11:01:04Z,9.397,7.65,-0.1062,0.883,22.550611,34.526,9.1493,75.114,7.539,296.8665,0.12385,2.781104643517134,-0.125,0
2025-03-24T11:01:04Z,9.339,7.6515,-0.0947,1.8474,22.564531,34.546,9.0972,74.797,7.524,295.0167,0.12387,2.782698853059599,-0.102,0
2025-03-24T11:01:04Z,9.274,7.6529,-0.0912,3.6523,22.565692,34.546,9.0488,74.443,7.505,293.3174,0.12387,2.782591245892426,-0.057,0
2025-03-24T11:01:04Z,9.24,7.6541,-0.1052,4.6021,22.564655,34.543,9.004,74.108,7.488,292.496,0.12378,2.7822414219037874,-0.002,0
2025-03-24T11:01:04Z,9.268,7.6556,-0.1055,4.5865,22.551993,34.522,8.9717,73.851,7.478,292.2263,0.12377,2.7803241887585215,0.052,0
2025-03-24T11:01:04Z,9.337,7.6572,-0.0865,3.9419,22.539415,34.501,8.9344,73.615,7.473,292.0363,0.12382,2.778396763318178,0.096,0
2025-03-24T11:01:04Z,9.398,7.6585,-0.0839,2.7177,22.539405,34.5,8.8899,73.354,7.471,291.7468,0.12379,2.778204921096786,0.118,0
2025-03-24T11:01:04Z,9.429,7.66,-0.0988,2.0138,22.551868,34.517,8.8427,73.072,7.468,291.8231,0.12374,2.7795385058723854,0.113,0
2025-03-24T11:01:04Z,9.442,7.6616,-0.1083,1.9217,22.563285,34.533,8.8189,72.783,7.468,292.0131,0.12371,2.780779253927653,0.086,0
2025-03-24T11:01:04Z,9.451,7.6631,-0.0988,1.7058,22.550621,34.512,8.7912,72.512,7.468,291.4617,0.12373,2.7788638744159546,0.053,0
2025-03-24T11:01:04Z,9.458,7.6644,-0.0845,1.2824,22.525571,34.473,8.7585,72.243,7.468,290.2327,0.12375,2.77542568177701,0.029,0
2025-03-24T11:01:04Z,9.463,7.6655,-0.0931,1.0046,22.514051,34.454,8.7257,71.957,7.468,288.9405,0.12376,2.7737137572332182,0.017,0
2025-03-24T11:01:04Z,9.466,7.6668,-0.1114,0.9776,22.538157000000002,34.49,8.6876,71.675,7.469,287.7975,0.12381,2.77668826801012,0.011,0
2025-03-24T11:01:04Z,9.467,7.6682,-0.1061,0.9551,22.563398,34.527,8.6572,71.427,7.47,286.7375,0.12383,2.779740440883653,0.007,0
2025-03-24T11:01:04Z,9.468,7.6693,-0.0956,0.836,22.565588,34.53,8.6257,71.197,7.471,285.8468,0.12382,2.779909469591389,0.004,0
2025-03-24T11:01:04Z,9.468,7.6705,-0.1007,0.7321,22.564644,34.527,8.5908,70.975,7.472,285.4599,0.12385,2.779557628625724,0.002,0
2025-03-24T11:01:04Z,9.468,7.6716,-0.1014,0.6894,22.55198,34.507,8.5535,70.77,7.473,285.2439,0.1239,2.777760513013903,0.001,0
2025-03-24T11:01:04Z,9.468,7.6727,-0.087,0.6275,22.5393,34.486,8.5263,70.561,7.475,284.5251,0.1239,2.775878058750857,0.001,0
2025-03-24T11:01:04Z,9.469,7.6739,-0.0768,0.5306,22.538149,34.483,8.4989,70.348,7.475,283.652,0.12385,2.7755263198028515,0.002,0
2025-03-24T11:01:04Z,9.469,7.675,-0.0859,0.44,22.538054,34.482,8.47,70.161,7.476,282.8605,0.12378,2.7753535762737687,0.003,0
2025-03-24T11:01:04Z,9.47,7.6762,-0.0976,0.3855,22.538158,34.482,8.4482,69.994,7.477,281.7521,0.12374,2.775258380248329,0.004,0
2025-03-24T11:01:04Z,9.471,7.6773,-0.094,0.4526,22.539404,34.482,8.4227,69.819,7.478,280.2313,0.1238,2.7751710296049854,0.004,0
2025-03-24T11:01:04Z,9.473,7.6783,-0.0832,0.6701,22.553125,34.502,8.3948,69.633,7.479,278.5834,0.12385,2.7768009518807566,0.003,0
2025-03-24T11:01:04Z,9.473,7.6792,-0.0758,0.8974,22.577231,34.537,8.3728,69.459,7.48,277.2294,0.1238,2.779720962186509,-0.002,0
2025-03-24T11:01:04Z,9.474,7.6802,-0.079,0.9471,22.57723,34.537,8.3548,69.311,7.481,276.0772,0.12378,2.7796414660575537,-0.012,0
